"","s1","s2","s3","s4","s5","s6","s7","s8","s9","s10","s11","s12","s13","s14","s15","s16","s17","s18","s19","s20","s21","s22","s23","s24","s25","s26","s27","s28","s29","s30","s31","s32","s33","s34","s35","s36","s37","s38","s39","s40","s41","s42","s43","s44","s45","s46","s47","s48","s49","s50","s51","s52","s53","s54","s55","s56","s57","s58","s59","s60","s61","s62","s63","s64","s65","s66","s67","s68","s69","s70","s71","s72","s73","s74","s75","s76","s77","s78","s79","s80","s81","s82","c83","c84","c85","c86","c87","c88","c89","c90","c91","c92","c93","c94","c95","c96","c97","c98","c99","c100","c101","c102","c103","c104","c105","c106","c107","c108","c109","c110","c111","c112","c113","c114","c115","c116","c117","c118","c119","c120","c121","c122","c123","c124","c125","c126","c127","c128","c129","c130","c131","c132","c133","c134","c135","c136","c137","c138","c139","c140","c141","c142","m143","m144","m145","m146","m147","m148","m149","m150","m151","m152","m153","m154","m155","m156","m157","m158","m159","m160","m161","m162","m163","m164","m165","b166","b167","b168","b169","b170","b171","b172","b173","b174","b175","b176","b177","b178","f179","f180","f181","f182","f183","f184","f185","f186","f187","f188","f189","f190","f191","f192","f193","f194","e195","e196","e197","class","ethnicity","gender","age"
"1",1,1,1,2,2,1,2,2,1,2,1,1,1,2,1,2,1,1,2,1,2,2,2,2,1,2,2,1,1,1,2,1,2,2,1,2,1,1,1,2,2,1,1,2,2,2,1,1,1,1,1,1,1,2,1,1,2,2,1,1,2,2,2,2,1,NA,NA,2,2,2,1,1,2,2,2,1,2,1,1,1,1,1,2,3,3,3,2,4,2,3,2,4,3,3,2,4,2,3,3,2,3,4,4,4,3,3,2,3,3,3,3,3,3,4,3,4,4,3,4,2,3,3,4,2,2,3,3,3,3,2,3,3,1,3,3,3,3,3,1,2,3,2,4,5,4,2,2,4,4,4,4,3,3,3,3,3,3,3,3,3,2,3,3,3,3,3,2,4,4,2,3,3,3,3,4,5,1,2,2,3,1,3,2,2,1,2,2,2,2,1,1,1,2,2,1,2,5,"sophomore","hispanic","female","18-19"
"2",2,1,1,2,2,1,1,1,1,2,1,1,1,2,1,2,1,1,2,1,1,1,1,1,1,1,1,1,1,1,1,1,1,1,2,2,2,2,1,1,2,1,1,2,2,2,1,2,2,1,2,2,2,2,1,1,1,1,1,1,2,2,2,1,1,2,2,1,2,2,1,2,2,2,1,1,2,2,1,1,1,1,3,2,3,3,3,3,3,3,3,3,2,2,2,4,4,3,2,3,NA,3,4,4,3,3,3,2,3,2,3,1,1,3,4,3,2,3,3,1,1,3,4,2,3,2,3,3,3,2,3,3,2,3,3,3,3,3,3,2,2,2,4,5,5,3,3,5,5,4,4,2,2,3,3,3,4,4,4,4,3,4,5,4,5,4,2,2,5,5,5,4,4,4,5,5,1,1,2,1,1,1,2,1,1,1,1,1,1,1,NA,1,1,1,2,5,5,"senior","black","female","20-21"
"3",1,2,1,1,2,2,2,2,1,2,1,1,2,2,1,2,1,1,2,2,2,2,2,2,1,2,2,1,2,2,2,2,1,2,1,2,1,1,1,2,2,1,1,2,2,2,2,2,2,2,2,2,2,1,1,1,2,2,1,1,2,2,2,2,2,2,1,1,2,2,2,2,2,2,2,2,2,2,1,1,1,2,3,2,3,3,3,3,4,2,2,4,3,2,2,4,4,2,4,3,3,3,3,3,4,2,3,2,3,3,3,3,2,3,2,3,2,3,2,2,3,3,4,3,2,4,4,3,4,2,3,3,3,4,3,3,3,3,2,2,2,2,3,4,3,3,2,3,3,3,4,3,3,3,4,4,3,3,3,3,2,2,4,3,3,4,2,4,5,5,3,3,4,2,5,5,2,2,2,2,1,2,1,2,1,2,1,1,2,1,1,1,2,2,1,2,4,"senior","white","female","20-21"
"4",2,1,1,1,2,1,2,2,1,2,1,1,2,2,2,2,2,1,2,1,2,2,1,2,1,1,2,1,1,1,2,1,1,1,1,1,2,1,1,2,1,1,1,2,2,2,1,1,2,1,1,1,1,2,1,2,1,1,1,1,2,2,1,1,1,1,1,2,2,2,2,1,2,1,1,1,1,1,1,1,1,1,3,1,2,2,3,3,3,2,1,3,3,2,2,3,4,1,3,1,3,3,4,3,4,3,2,1,2,3,4,3,4,3,3,3,1,1,3,3,1,3,4,1,1,4,3,3,3,3,4,4,3,3,2,3,3,1,1,1,3,2,3,5,3,3,4,5,5,4,4,5,5,5,3,4,2,2,2,3,3,4,4,4,4,4,4,4,4,4,5,3,4,1,5,5,2,3,3,3,2,2,2,3,2,2,1,1,1,2,1,4,2,2,1,3,4,"senior","hispanic","female","22-25"
"5",2,1,1,1,2,1,1,2,1,2,2,1,1,2,1,2,1,1,2,1,2,2,2,1,1,1,2,1,1,1,1,2,1,1,1,2,1,1,1,2,1,1,1,2,2,2,1,1,1,1,1,1,1,2,2,1,1,1,1,1,2,2,2,2,1,1,1,1,1,2,1,1,1,1,1,1,2,2,1,1,1,1,3,2,2,3,4,4,4,2,2,4,2,2,3,4,3,2,3,2,3,3,3,3,4,2,3,3,3,3,4,3,3,3,2,3,3,2,3,3,2,2,4,2,1,3,3,3,3,3,3,3,3,3,3,2,2,3,3,2,3,1,4,5,3,4,4,5,3,3,3,2,2,2,2,3,2,2,3,3,2,4,4,4,4,5,2,2,4,4,3,2,5,2,5,4,3,3,2,1,1,3,2,2,1,2,1,2,1,1,3,1,2,1,2,4,3,NA,"white","female","20-21"
"6",2,1,2,2,2,2,2,2,2,2,2,1,2,2,2,2,1,2,2,1,2,2,2,2,1,1,2,1,1,2,2,2,1,1,1,1,2,1,1,2,2,1,2,1,1,2,1,1,2,2,2,1,2,2,1,1,2,2,1,1,1,1,2,1,2,2,2,1,2,2,2,1,2,2,1,1,2,2,1,2,1,2,4,2,2,3,3,3,3,3,2,3,3,4,2,3,4,3,3,4,4,4,3,4,4,3,2,2,3,3,4,4,3,4,4,4,4,1,1,1,3,4,3,3,3,3,4,3,3,3,2,3,3,4,2,3,4,2,4,2,3,2,2,4,3,1,1,5,4,3,2,1,1,3,3,4,3,4,3,3,2,2,4,4,3,2,1,2,4,2,5,3,4,4,5,4,3,5,2,1,1,2,2,2,1,2,1,1,1,1,3,1,1,1,1,2,2,"sophomore","hispanic","female","18-19"
"7",2,1,1,2,2,2,2,2,1,1,1,1,1,2,1,2,1,1,2,1,1,2,2,2,2,2,2,1,1,2,1,1,2,1,2,2,1,2,1,2,1,1,1,1,1,2,2,1,2,2,2,1,2,1,1,1,2,2,1,2,2,1,2,2,2,2,2,2,2,2,2,2,2,2,1,2,2,1,1,1,1,1,3,2,3,3,2,3,3,3,3,3,2,3,3,4,3,3,3,4,3,3,3,3,4,4,2,3,3,3,3,3,3,4,4,3,3,3,2,2,3,3,3,2,3,3,3,3,3,3,2,3,3,4,2,3,3,2,3,2,2,3,2,3,3,1,1,1,4,3,4,2,2,2,2,2,2,3,2,2,2,3,4,4,3,3,2,2,4,4,3,4,4,4,4,4,3,3,3,2,3,3,2,2,3,3,3,3,3,1,3,3,4,3,3,1,2,"sophomore","white","female","18-19"
"8",2,1,2,2,1,1,2,2,1,2,1,2,2,2,1,2,1,1,2,2,2,2,2,2,1,1,2,1,1,1,1,2,1,1,1,2,1,1,2,2,2,1,1,2,2,2,1,1,2,1,2,2,1,2,1,1,2,2,1,1,1,1,2,1,2,2,2,2,2,2,2,2,2,1,1,1,2,2,1,1,1,2,3,2,2,2,4,3,4,3,3,4,2,1,3,3,3,2,3,3,3,2,1,2,3,4,1,3,3,3,2,2,2,3,4,3,4,4,4,3,3,3,4,2,2,3,3,3,4,3,3,4,1,3,3,1,4,3,3,3,4,3,3,4,3,3,3,4,5,4,5,3,3,4,3,3,3,3,4,4,4,5,4,4,4,1,2,3,5,3,3,3,3,1,5,5,1,3,2,4,1,3,2,2,2,3,3,3,2,1,1,3,2,2,2,4,4,"junior","hispanic","female","22-25"
"9",2,2,1,2,2,2,2,2,1,2,1,1,1,2,1,2,1,1,2,1,1,1,2,2,1,1,2,1,1,1,2,2,2,2,1,2,1,1,1,2,2,1,1,2,2,2,1,1,2,1,1,1,1,2,1,1,1,1,1,1,2,1,2,2,2,2,1,1,1,2,1,2,1,1,1,1,1,2,1,1,1,1,3,3,3,4,1,2,2,4,3,2,3,3,3,3,3,3,3,4,4,3,3,2,4,4,1,3,3,3,4,3,3,3,4,2,2,2,2,2,3,4,2,2,2,3,4,2,4,4,3,3,1,4,3,3,3,2,4,3,2,3,1,4,4,1,1,5,4,3,3,1,1,2,2,2,3,3,2,2,1,2,5,3,4,4,1,2,3,4,2,1,3,2,4,2,2,3,2,2,2,3,3,1,2,2,3,3,2,1,2,2,3,2,2,2,5,"freshmen","white","female","18-19"
"10",1,1,1,2,2,1,2,2,1,1,1,2,2,2,1,1,1,1,2,1,1,1,2,2,1,1,1,1,1,2,1,1,1,2,1,1,1,2,1,1,2,1,1,2,2,2,1,1,1,1,1,1,1,2,1,1,2,1,1,1,2,1,2,2,1,1,1,1,2,1,2,1,2,1,2,1,2,1,1,1,1,1,3,2,3,3,3,4,3,2,1,3,2,2,2,3,3,1,2,2,3,4,4,3,2,3,2,2,2,3,4,3,2,3,2,3,2,3,3,2,1,3,4,2,2,4,3,3,2,1,3,3,2,3,3,4,3,3,2,2,3,2,2,4,3,2,2,4,2,4,3,3,3,4,2,3,3,3,3,4,4,4,4,3,4,4,2,3,5,3,3,2,3,1,5,5,2,2,3,3,1,2,1,2,2,3,3,1,1,1,1,2,2,2,1,3,4,"junior","white","female","20-21"
"11",1,1,1,2,2,1,1,2,1,2,1,2,2,2,1,1,1,1,2,1,2,1,2,1,1,2,2,1,2,1,1,1,1,2,2,2,1,1,1,1,2,1,1,1,1,2,1,1,1,2,2,1,1,1,1,1,1,1,1,1,2,1,2,2,1,1,2,1,2,2,1,1,2,1,1,1,2,1,1,1,1,1,3,2,3,3,3,3,3,3,2,3,2,3,2,4,4,2,3,2,3,3,3,3,3,3,3,2,3,3,4,2,2,3,2,2,2,2,4,2,2,3,4,2,2,3,3,4,3,2,3,2,1,3,3,3,3,2,2,2,2,2,4,5,3,3,3,5,5,4,4,3,3,3,3,4,3,2,3,3,2,4,4,4,4,5,4,4,5,5,5,5,5,2,4,4,2,3,2,2,1,3,3,1,1,2,1,2,2,1,1,2,2,2,2,2,3,"sophomore","hispanic","female","18-19"
"12",1,1,1,2,2,1,1,2,1,1,1,1,1,1,1,1,1,1,2,1,2,2,2,2,1,1,2,1,1,1,1,1,1,1,1,1,1,1,1,1,1,1,1,2,2,1,1,1,1,1,1,1,2,2,1,1,1,1,1,1,2,1,1,2,1,2,1,1,2,2,1,1,2,1,1,1,1,2,1,1,1,1,3,2,2,2,3,3,4,3,2,3,3,2,3,3,3,2,3,2,3,2,3,3,3,3,3,2,3,3,3,3,2,3,2,3,2,3,3,3,3,3,4,1,2,3,3,3,3,2,3,3,3,4,3,3,3,3,3,2,3,2,2,4,2,2,3,3,4,4,4,3,3,3,4,3,2,2,3,3,3,3,4,4,4,3,2,2,3,4,3,3,3,3,4,3,3,2,2,3,1,2,2,1,1,2,1,1,2,1,2,1,1,1,2,2,5,"junior","white","male","20-21"
"13",1,1,1,2,1,2,2,2,1,1,1,2,2,2,1,1,2,1,2,1,1,2,1,2,1,1,2,1,2,1,2,1,1,1,1,2,2,1,1,1,2,1,1,2,1,2,1,2,1,1,1,1,1,1,1,2,1,2,1,1,2,2,2,1,1,1,2,1,2,2,2,1,2,2,2,1,2,1,1,1,1,1,3,2,3,3,3,3,4,3,2,3,3,3,3,4,4,3,3,3,3,3,3,3,4,4,2,3,3,2,3,2,2,3,3,3,3,2,2,3,3,3,4,3,2,3,3,3,3,2,3,3,1,3,3,3,3,2,2,2,3,2,3,4,3,2,2,4,4,4,4,3,3,3,3,3,4,4,4,4,4,4,4,4,4,2,3,3,4,3,5,4,4,2,4,4,3,4,1,1,1,2,2,1,1,2,1,2,2,1,3,1,2,2,2,3,2,"sophomore","black","female","20-21"
"14",2,1,1,2,2,1,1,2,1,1,1,1,1,2,1,1,1,1,2,1,1,1,2,2,1,1,2,1,1,1,1,1,1,2,1,2,1,1,1,1,1,1,1,1,1,2,1,1,1,1,1,1,1,1,1,1,1,1,1,1,2,1,1,1,1,1,2,1,2,2,1,1,2,1,1,1,1,1,1,1,1,1,2,2,3,3,2,3,3,3,1,3,2,3,2,3,3,2,2,3,3,3,4,4,4,3,2,1,2,3,3,3,3,3,2,3,3,3,2,1,2,2,4,2,2,3,3,4,2,3,2,3,3,3,3,3,3,1,2,2,2,2,3,4,5,4,3,2,4,5,5,4,3,4,4,5,5,5,3,4,3,4,5,5,4,2,3,2,5,4,3,4,2,3,2,3,2,2,3,1,1,1,2,2,1,3,1,1,2,1,2,2,2,1,1,3,2,"freshmen","hispanic","female","18-19"
"15",2,1,2,2,2,1,2,2,1,2,1,1,2,2,1,1,1,1,2,1,2,1,2,2,1,1,1,1,1,1,1,1,1,1,1,2,1,1,1,2,2,1,1,1,NA,1,1,1,1,1,1,1,1,1,1,1,2,2,1,1,2,2,2,2,1,1,2,2,2,2,1,2,1,2,2,1,2,2,1,1,1,1,3,1,1,2,4,3,3,3,2,3,2,2,1,3,4,1,3,3,2,3,3,3,3,2,1,2,3,3,3,2,1,2,2,3,3,1,3,3,2,2,3,3,3,2,3,3,2,2,3,2,1,3,2,3,3,2,2,3,2,1,5,4,2,2,2,5,5,4,3,2,2,3,3,3,4,3,3,3,3,3,3,2,3,4,3,3,5,2,3,5,3,4,5,1,3,2,3,3,2,3,4,3,4,3,2,1,3,2,2,3,3,2,2,3,5,"senior","white","female","22-25"
"16",2,2,2,2,2,2,2,2,1,2,1,1,2,2,2,2,1,2,2,1,2,2,2,2,1,2,2,1,2,1,1,2,2,2,2,2,2,1,1,2,1,2,1,2,1,2,1,2,2,2,2,1,2,2,1,2,2,2,1,2,1,2,2,2,1,2,2,2,2,2,2,2,2,1,2,1,1,2,2,1,1,2,2,2,3,4,2,2,2,3,3,2,2,3,3,2,2,3,2,3,3,3,2,3,3,3,2,3,3,3,3,4,4,3,3,3,4,3,2,2,2,3,3,3,3,4,3,2,3,3,3,3,3,4,3,2,3,3,3,3,3,3,2,3,4,2,2,3,2,3,5,2,3,2,2,2,1,1,2,2,1,2,4,4,4,3,4,4,5,4,5,4,3,2,2,2,2,2,3,3,2,3,2,2,1,3,2,2,2,2,3,2,3,2,2,2,2,"sophomore","white","female","20-21"
"17",2,1,2,2,2,1,1,2,1,1,1,1,2,1,1,1,1,1,2,2,2,2,1,1,1,1,1,1,1,1,1,2,1,1,2,2,1,1,1,2,2,1,1,1,2,2,1,1,1,1,2,1,2,1,1,1,2,2,1,2,1,2,2,1,1,1,1,1,2,2,1,2,2,1,2,1,1,2,1,1,1,2,3,2,3,4,3,2,3,4,3,3,3,3,3,4,3,2,4,2,4,3,3,3,4,4,2,4,3,3,3,3,3,4,4,3,3,4,3,2,3,3,3,2,2,3,4,3,3,3,2,4,4,4,3,3,4,2,3,3,3,2,2,4,2,3,2,4,4,4,3,2,2,3,2,2,3,4,4,3,2,4,4,4,4,4,3,3,5,2,4,4,3,3,5,4,4,2,1,1,1,2,2,1,1,2,1,1,1,1,2,1,2,1,2,2,5,"junior","hispanic","female","20-21"
"18",2,1,2,2,2,1,1,1,1,2,1,1,1,2,1,1,1,1,2,2,1,2,1,2,1,1,2,1,1,1,2,1,1,1,1,2,1,1,1,2,2,1,1,2,2,1,1,1,1,1,1,1,2,2,1,1,1,1,1,1,2,2,2,2,2,1,1,1,2,2,1,1,2,2,1,2,2,2,1,1,1,1,3,2,3,3,3,3,3,3,2,2,2,3,3,3,4,3,2,2,3,3,4,4,4,3,4,3,3,2,3,3,2,2,2,2,3,2,3,2,3,2,3,3,2,3,3,3,3,2,2,2,2,1,1,2,2,3,3,3,3,2,3,4,2,2,3,2,2,3,3,2,2,2,2,2,1,1,2,3,1,3,4,4,4,3,2,2,4,5,4,3,4,4,1,1,3,3,1,1,1,3,2,2,1,NA,3,2,2,1,2,1,1,1,3,4,5,"freshmen","black","male","18-19"
"19",2,2,2,2,2,2,2,2,2,2,2,2,2,2,1,2,1,1,2,2,2,2,2,2,1,1,2,2,2,2,2,2,2,2,2,2,2,2,2,2,2,1,1,2,2,2,2,2,2,1,2,2,2,2,1,2,2,2,2,2,2,2,2,2,2,2,1,1,2,2,1,2,2,2,2,2,2,2,2,2,1,2,3,2,3,2,4,4,4,2,1,4,3,2,2,4,3,2,3,2,3,4,4,4,4,2,3,1,2,4,3,2,2,3,1,4,2,3,3,2,2,4,4,1,2,4,3,4,3,2,3,3,3,3,3,2,2,2,3,2,2,2,3,4,2,2,3,3,4,4,3,3,3,3,3,3,2,2,3,2,2,4,3,3,3,3,3,3,5,3,2,3,4,2,4,4,4,1,2,1,1,2,1,1,1,1,1,1,1,1,1,1,1,1,2,2,2,"sophomore","white","female","18-19"
"20",2,1,2,2,1,1,1,2,1,1,1,1,2,2,1,1,2,1,2,2,1,2,1,1,1,1,1,1,1,1,2,2,1,2,1,2,2,1,1,2,1,1,1,1,1,2,1,2,1,2,1,2,1,2,1,2,1,2,2,1,2,1,2,2,2,1,2,2,2,2,2,2,2,2,2,1,1,2,1,2,1,1,4,1,4,2,4,5,3,4,2,3,2,2,1,4,4,1,2,2,2,3,3,3,3,4,2,1,3,2,4,3,3,2,2,3,2,4,3,1,1,4,4,2,1,3,4,3,2,2,2,3,2,3,3,2,4,1,1,1,2,3,5,5,5,4,4,3,5,5,5,3,3,4,4,4,4,4,3,4,3,5,5,5,5,5,3,3,5,5,5,5,2,2,4,3,1,1,3,3,2,3,3,3,1,3,2,2,3,2,2,3,2,2,1,4,5,"freshmen","white","female","18-19"
"21",2,1,2,2,2,1,2,2,1,2,1,1,2,1,1,2,1,1,1,1,1,1,2,2,1,1,2,1,1,1,1,2,1,2,2,2,1,1,1,2,1,1,1,2,2,2,2,1,1,1,2,2,2,2,1,1,1,1,1,1,2,1,1,2,1,2,2,1,2,2,1,1,2,1,2,1,1,1,2,1,1,1,3,2,3,3,4,3,4,3,2,4,3,3,2,4,3,2,2,3,3,4,4,3,4,3,2,2,3,3,4,2,3,3,3,4,3,3,2,2,3,3,4,4,3,4,3,3,2,3,3,4,1,3,2,2,3,4,3,2,3,3,4,4,4,3,4,4,4,4,4,3,3,3,3,4,2,2,3,4,2,4,4,4,4,3,3,3,4,3,3,2,3,2,4,2,2,2,2,2,1,2,1,1,1,1,1,1,1,1,2,1,2,1,2,3,4,"sophomore","white","female","18-19"
"22",1,1,1,2,2,2,1,2,2,1,1,1,2,2,1,1,2,2,2,2,2,1,1,2,2,1,2,1,1,1,2,1,1,2,1,2,2,2,1,1,1,2,2,2,2,2,2,1,1,1,2,2,1,2,2,1,2,1,2,1,1,2,2,2,2,1,2,2,2,2,2,1,2,2,2,2,2,1,2,2,2,1,3,2,3,2,3,3,4,2,2,3,3,2,2,4,4,2,3,3,3,3,3,3,3,3,3,2,3,3,3,3,3,3,2,3,2,2,3,3,2,3,4,3,1,4,3,3,2,3,4,3,1,2,3,2,3,3,3,3,3,2,4,4,3,3,5,4,4,4,3,4,4,4,2,3,3,4,3,3,2,3,4,4,4,3,3,3,4,4,4,3,4,3,4,4,3,3,2,2,1,2,2,2,1,2,1,1,2,1,1,1,1,1,3,4,4,"junior","white","female","20-21"
"23",2,1,2,2,2,1,2,2,1,2,1,1,2,2,1,2,1,1,2,1,2,2,1,1,1,1,2,1,1,1,1,2,2,2,2,2,1,1,1,2,2,1,1,2,1,2,1,1,1,1,1,1,1,2,1,1,1,1,1,1,2,1,2,2,1,1,2,1,2,2,2,1,2,1,1,1,1,1,1,1,1,1,3,1,2,2,3,3,3,2,1,3,3,3,2,4,3,2,3,2,2,3,4,3,4,2,3,2,2,3,4,3,3,3,2,3,2,2,2,3,2,2,3,2,2,3,3,4,2,2,3,3,1,3,3,3,2,2,2,1,2,2,5,5,4,4,3,5,4,4,5,2,3,2,2,4,4,4,3,4,4,5,4,4,4,4,1,1,5,5,4,3,4,3,4,5,1,1,2,1,1,1,1,2,1,1,1,1,1,2,3,2,2,1,2,2,2,"freshmen","white","female","18-19"
"24",1,1,2,2,2,1,1,2,1,2,1,1,1,1,1,1,1,1,2,1,1,1,1,2,1,1,2,1,1,1,1,1,2,2,1,2,1,1,1,2,2,1,1,1,1,2,1,1,1,1,2,1,1,1,1,2,1,2,1,1,2,1,1,2,2,1,1,1,2,2,1,2,2,2,1,2,2,1,1,1,1,1,3,3,2,2,3,3,4,1,1,3,1,2,3,2,2,1,2,3,3,3,4,2,3,3,4,2,2,2,2,3,2,3,2,3,3,3,2,1,2,2,3,2,2,3,3,3,3,2,2,3,3,3,2,2,3,1,2,3,1,1,2,2,2,2,3,3,3,4,3,5,5,4,4,5,1,1,4,2,1,3,3,3,4,1,2,2,4,2,3,2,4,2,3,3,2,1,2,3,2,2,2,2,1,3,2,3,2,1,4,2,3,3,1,2,3,"freshmen","asian","male","18-19"
"25",1,1,2,2,2,1,1,2,1,2,2,1,1,1,1,1,1,1,2,1,1,2,1,1,1,1,2,1,2,1,2,2,1,2,1,1,1,1,1,2,1,1,1,1,1,2,1,1,2,1,1,2,1,2,1,1,1,1,1,1,2,2,2,2,1,2,1,1,2,2,2,1,2,1,1,1,1,1,1,1,1,1,3,2,2,2,4,3,3,2,1,3,2,2,1,4,3,2,2,1,3,4,3,3,3,2,3,1,2,2,3,2,3,3,1,3,2,1,3,2,1,2,4,2,2,3,3,2,3,2,3,3,3,3,2,2,2,3,3,2,3,2,4,5,4,4,3,2,4,3,3,3,3,4,3,3,2,4,2,4,1,4,4,4,4,3,4,4,4,3,2,1,4,1,5,5,3,3,2,2,1,2,2,1,1,2,1,1,2,1,3,1,2,2,3,2,5,"freshmen","white","female","18-19"
"26",2,1,1,2,2,1,2,2,1,2,1,1,1,2,1,2,1,1,2,1,1,2,2,1,1,1,1,1,1,2,1,2,2,2,1,2,1,1,1,2,2,1,1,2,1,2,1,1,1,2,2,1,1,1,1,1,1,1,1,1,2,2,2,2,2,1,2,1,2,2,1,1,2,2,1,1,2,1,1,1,1,2,3,3,3,3,3,3,3,4,2,2,2,3,2,3,3,3,3,3,3,4,3,3,4,4,2,1,3,3,3,2,2,3,2,4,3,3,3,2,2,3,4,1,2,4,4,3,3,2,3,3,4,3,4,2,3,2,3,2,2,2,3,3,3,3,2,4,4,3,2,3,3,3,2,2,2,3,3,4,2,4,4,4,3,3,1,1,5,3,4,4,3,1,5,4,2,2,3,4,2,3,2,2,1,3,1,2,2,2,3,1,2,2,1,2,3,"sophomore","biracial","female","20-21"
"27",2,1,1,2,2,1,1,1,1,2,1,1,2,2,2,2,1,1,2,2,2,2,1,1,2,2,2,2,1,2,2,2,1,2,2,2,2,2,1,2,2,1,1,2,2,2,2,2,2,2,2,2,1,2,1,1,1,1,1,2,2,2,2,2,2,1,1,1,2,2,2,2,2,2,2,2,2,2,2,1,1,2,3,3,3,4,3,3,4,3,3,3,2,2,3,3,3,3,3,3,4,3,4,4,4,3,3,2,3,2,3,2,1,3,2,2,2,4,3,3,3,3,4,3,3,3,4,3,3,3,3,4,3,3,4,3,3,2,2,3,2,2,4,4,3,3,2,3,4,4,3,4,3,3,3,2,3,3,3,4,3,3,4,4,3,3,3,3,5,3,3,2,3,3,5,5,2,3,2,1,1,2,2,2,2,1,2,1,1,1,1,1,1,2,1,1,3,"sophomore","white","female","18-19"
"28",2,1,1,2,2,1,2,2,1,2,1,1,1,2,2,2,1,2,2,2,1,2,2,2,1,1,2,1,1,1,1,2,1,1,2,2,1,1,1,2,2,1,2,2,2,2,2,1,2,2,2,2,2,2,1,1,1,2,1,1,2,2,2,2,1,2,2,2,2,2,2,2,2,1,2,1,1,2,2,2,1,2,3,1,3,4,3,3,4,3,3,3,3,2,2,3,3,2,3,2,3,4,3,3,3,4,3,2,3,4,3,3,3,4,3,3,4,4,2,3,3,3,3,3,3,4,4,3,2,3,3,3,2,4,4,3,4,2,2,3,3,2,5,5,5,4,3,5,4,4,4,4,4,3,4,4,3,4,3,5,3,4,4,4,4,5,4,4,5,5,4,4,3,2,5,5,2,2,3,1,1,2,2,1,1,1,1,1,1,1,1,1,1,1,1,2,2,"senior","white","female","20-21"
"29",2,1,1,2,2,1,1,2,1,2,1,1,2,2,1,1,1,1,1,1,1,2,2,2,1,1,2,1,1,1,1,1,1,1,2,1,1,2,1,1,1,1,2,2,1,2,2,1,2,1,2,1,1,2,1,1,1,1,1,1,2,1,2,2,2,1,2,1,2,2,1,1,2,1,2,1,2,1,2,1,1,1,3,3,4,3,2,2,3,2,3,3,3,2,2,4,4,3,4,3,3,3,2,4,3,3,2,2,3,3,4,3,3,3,2,3,2,3,1,4,3,3,4,2,2,3,3,2,3,3,3,3,3,3,4,1,3,1,1,3,3,3,3,5,5,3,3,5,5,4,5,3,3,3,4,4,4,4,5,3,3,5,5,4,5,4,2,2,4,5,4,1,4,2,4,4,2,4,2,3,2,3,3,2,1,3,2,NA,NA,NA,NA,1,1,2,1,3,5,"freshmen","white","female","18-19"
"30",2,1,2,1,2,1,1,1,1,2,2,1,2,1,2,2,1,1,2,2,2,2,2,2,1,1,2,1,1,1,2,1,1,2,1,2,1,1,1,2,1,1,1,2,1,2,1,1,1,1,2,1,2,2,2,1,2,1,1,1,2,2,2,2,1,1,1,2,2,2,2,2,2,2,1,1,2,1,1,2,1,2,3,3,3,3,3,3,4,3,2,3,3,2,3,3,3,3,3,3,3,4,3,3,3,3,3,2,3,3,2,3,2,3,2,4,2,3,4,2,3,2,3,2,2,4,3,3,3,2,3,3,3,4,3,2,3,3,2,3,2,2,3,4,3,3,2,3,4,4,4,1,1,2,3,4,2,3,3,2,2,5,4,3,3,4,2,2,5,4,3,2,3,1,1,4,3,2,2,1,1,1,1,1,1,1,1,1,1,1,2,1,2,1,4,3,4,"senior","white","female","20-21"
"31",2,1,1,2,2,1,1,2,1,2,1,1,1,1,1,1,1,1,1,1,1,2,1,2,1,1,1,1,1,1,1,1,1,1,1,2,1,1,1,1,2,1,1,2,1,2,1,1,1,1,1,2,1,2,1,1,1,1,1,1,2,1,1,1,1,1,2,1,2,2,2,1,1,1,2,1,1,1,1,1,1,1,3,3,3,3,2,2,2,3,2,2,3,2,2,3,3,3,1,3,4,3,4,3,3,4,2,3,3,1,3,3,3,4,3,1,3,2,2,2,2,2,3,3,2,3,3,2,3,2,2,3,2,4,3,2,3,3,3,2,2,1,2,3,4,2,1,3,3,4,3,2,2,2,3,3,4,3,3,2,1,3,5,5,5,3,2,4,5,2,4,2,2,1,4,3,2,2,2,2,2,3,3,2,2,2,3,3,2,2,3,2,2,2,1,2,3,"senior","biracial","female","20-21"
"32",2,1,1,2,2,1,2,2,1,2,1,1,2,2,1,2,1,2,2,1,1,1,2,2,1,1,2,1,1,1,1,2,1,1,1,1,1,1,1,1,2,1,1,2,1,2,2,1,1,1,2,1,1,2,1,1,1,1,1,1,2,1,2,1,1,1,2,1,2,2,2,2,2,1,2,1,1,2,1,1,1,1,2,1,3,3,3,2,2,2,2,3,2,2,2,2,3,1,3,3,3,4,3,3,3,3,3,1,3,3,3,2,3,4,2,4,3,3,2,2,1,2,4,2,2,4,2,3,3,2,3,3,3,3,3,1,4,2,1,1,3,2,5,5,5,5,3,5,5,5,5,5,5,5,4,5,5,5,5,5,4,4,5,5,5,4,2,4,5,5,5,1,4,2,5,4,1,3,2,2,1,2,2,2,2,2,1,1,2,1,1,1,2,2,2,3,5,"junior","white","female","20-21"
"33",1,1,1,1,2,1,2,2,1,2,1,1,2,1,1,2,1,1,2,1,2,2,2,2,1,2,2,1,1,1,2,2,1,2,2,2,2,1,1,2,2,2,2,2,2,2,2,2,2,2,2,1,1,2,1,1,2,2,1,2,2,2,2,2,1,2,2,2,2,2,2,2,2,2,2,1,2,2,2,1,1,1,3,2,4,3,2,3,4,3,2,1,4,3,2,5,3,2,3,4,3,4,2,4,3,2,3,4,2,4,3,2,3,4,3,2,3,4,2,2,1,2,4,1,3,2,4,2,2,2,2,3,1,4,3,4,4,2,2,2,3,2,1,1,1,1,1,1,1,1,1,1,2,3,1,1,1,1,4,1,1,1,1,1,1,5,5,5,5,5,5,5,3,2,5,5,5,3,4,3,2,2,1,1,1,3,1,1,2,2,1,3,3,3,3,5,2,"senior","white","female","20-21"
"34",2,1,1,1,2,1,1,2,2,2,2,2,2,2,1,2,1,1,2,1,2,2,2,2,1,1,2,2,2,2,2,1,1,2,2,2,2,2,2,2,2,1,2,2,2,2,1,2,2,2,1,2,2,2,2,2,2,2,2,2,2,1,2,2,2,2,1,2,2,1,2,2,2,1,2,1,2,2,1,1,1,2,4,4,4,4,3,4,4,4,4,4,4,4,4,4,4,4,4,4,4,4,4,4,4,4,3,4,4,4,4,4,3,4,4,4,4,3,2,2,2,4,4,2,4,4,4,4,4,4,4,4,4,4,4,1,4,4,3,2,2,4,4,4,4,3,1,2,3,3,3,1,1,1,1,1,4,4,1,2,1,2,4,4,4,3,2,2,5,4,4,4,3,1,5,3,2,2,1,1,1,2,2,2,1,1,1,1,1,1,1,3,3,2,3,1,1,"junior","white","female","20-21"
"35",1,1,1,2,2,1,2,2,1,2,1,2,1,2,1,2,1,1,2,2,2,2,1,2,1,1,1,1,1,2,2,2,1,1,1,2,2,1,1,2,1,2,2,2,2,2,2,1,1,1,2,1,1,1,1,1,2,2,1,1,2,2,2,1,1,2,1,1,2,2,2,2,1,1,2,2,1,1,1,1,1,1,3,3,3,2,4,3,2,3,3,4,3,2,2,4,4,2,4,3,3,2,3,3,4,4,1,1,3,3,3,3,3,4,4,3,3,3,3,1,2,3,4,2,3,3,3,2,3,3,2,3,2,3,4,3,3,2,2,2,3,3,3,4,4,3,4,5,5,5,3,4,5,4,4,4,5,5,3,5,3,4,4,3,5,4,2,4,4,5,5,5,3,4,4,5,1,2,3,1,1,1,1,2,2,1,1,1,1,1,3,1,1,2,2,5,4,"sophomore","black","female","20-21"
"36",2,1,1,2,2,1,2,2,1,2,1,1,2,2,1,1,1,1,1,2,2,2,2,2,1,2,2,1,2,2,1,1,2,2,2,2,1,2,1,2,2,1,2,2,2,2,1,1,2,1,1,2,2,2,1,1,1,1,1,2,2,2,2,2,1,2,1,1,1,2,2,1,2,2,2,1,2,2,1,2,1,1,4,2,2,2,4,4,3,2,2,4,4,2,2,3,4,2,4,2,2,3,4,3,2,1,4,2,3,3,2,2,2,2,2,3,2,2,4,4,2,2,4,2,2,3,2,3,2,1,4,2,3,3,3,2,2,3,2,2,2,2,3,4,4,3,3,5,4,3,3,2,2,3,2,3,1,2,3,2,1,3,4,4,4,3,2,2,3,3,2,2,3,2,5,5,2,3,2,1,1,2,2,1,1,2,1,1,1,1,2,1,1,1,3,3,3,"senior","white","male","22-25"
"37",2,1,2,2,2,2,1,2,1,1,1,1,1,1,1,2,1,1,1,1,1,2,1,2,1,2,2,1,1,1,1,2,1,1,2,2,1,1,1,1,2,1,1,2,2,2,1,1,2,2,1,1,1,2,1,1,1,2,1,1,2,2,2,2,2,2,1,1,2,2,2,1,2,2,1,2,1,2,2,2,1,2,4,3,2,2,4,3,3,3,1,4,1,2,2,4,4,1,2,4,3,1,4,3,4,3,2,1,2,2,2,3,1,3,3,2,2,2,3,1,2,3,4,1,3,3,1,4,3,2,2,3,3,2,3,1,2,3,2,1,2,1,3,4,2,5,2,4,4,4,5,2,3,3,5,3,3,2,3,5,1,3,4,4,5,3,3,3,5,4,3,4,2,2,5,4,1,1,2,1,2,2,2,2,1,3,1,1,2,2,1,2,2,2,2,3,3,"freshmen","white","female","18-19"
"38",2,1,2,2,2,1,2,2,1,1,1,1,2,2,1,2,2,1,2,2,2,2,2,2,1,1,1,1,1,1,2,2,2,1,1,2,1,1,1,2,2,1,1,1,1,2,1,1,1,2,2,1,2,1,1,1,1,2,1,1,2,2,2,2,1,2,2,1,2,2,2,2,1,2,2,1,1,1,1,2,1,1,3,1,4,3,2,4,4,4,1,3,3,2,2,4,3,2,1,3,2,3,2,4,3,2,2,2,2,2,3,1,1,3,2,2,2,1,3,2,2,2,4,1,2,4,1,3,1,1,2,2,1,4,4,3,3,2,1,1,2,2,4,5,2,3,3,4,4,4,4,2,3,3,4,4,2,2,1,3,4,3,4,3,3,3,2,2,4,4,5,2,2,4,4,3,1,1,2,3,2,3,3,2,2,4,3,3,3,1,2,1,1,2,4,4,2,"freshmen","white","female","18-19"
"39",1,1,1,2,2,2,2,2,1,2,2,1,2,2,1,1,1,1,2,1,2,1,2,2,1,1,2,1,1,1,2,1,1,1,2,2,1,1,1,2,1,1,1,2,1,1,1,1,1,1,2,1,1,1,1,1,1,1,1,2,1,2,2,2,2,2,2,1,2,2,2,1,1,1,2,1,1,2,1,1,1,1,3,1,3,3,3,4,3,2,2,3,2,1,2,4,4,2,3,4,2,3,4,4,4,3,3,2,3,2,3,2,2,3,2,3,1,2,4,3,2,3,4,3,4,3,1,3,2,1,3,2,1,4,3,2,3,2,3,2,2,1,2,4,5,2,3,5,4,4,3,2,3,4,2,3,4,4,4,4,4,4,4,4,3,2,1,2,4,4,5,3,5,2,3,5,2,4,2,1,1,2,1,1,1,2,1,2,2,1,3,1,1,2,1,3,1,"sophomore","black","female","18-19"
"40",2,1,2,2,2,1,2,2,1,2,1,1,2,2,1,2,1,1,2,1,1,2,2,2,1,1,2,1,2,2,2,2,1,2,1,2,1,2,1,2,1,1,1,2,1,2,1,1,2,2,2,2,1,2,1,2,1,1,1,1,2,2,2,2,2,1,2,1,2,2,1,2,2,2,2,1,2,2,1,2,1,1,3,3,3,2,4,2,3,3,3,3,3,3,2,4,4,3,2,3,3,2,2,2,3,3,2,3,3,2,3,3,2,4,3,3,3,3,4,3,3,3,4,2,2,2,3,3,3,3,3,1,1,3,2,1,3,2,3,3,2,2,4,5,3,4,2,3,3,4,5,2,3,2,2,3,1,1,2,2,1,3,5,4,4,3,4,3,5,4,5,4,4,2,4,3,4,4,2,3,1,3,2,3,1,2,1,1,2,1,2,1,2,1,1,1,1,"sophomore","hispanic","female","18-19"
"41",1,1,2,2,2,1,2,2,1,2,1,2,2,2,1,1,1,1,2,2,1,2,2,2,1,2,2,1,1,2,1,2,2,2,2,2,2,1,2,2,1,1,1,2,2,2,2,1,2,1,1,1,1,2,1,1,1,1,1,1,2,1,2,2,1,1,2,1,2,2,1,1,2,2,1,1,2,1,1,1,1,2,3,2,2,2,3,2,2,2,1,2,2,2,2,4,4,3,3,2,2,3,3,3,2,2,2,1,2,2,2,2,3,3,2,4,3,2,1,1,2,3,4,2,2,4,4,3,3,3,3,4,3,3,3,2,2,2,2,2,2,1,3,5,4,2,2,4,3,3,5,2,3,3,3,3,3,2,3,3,4,5,5,3,3,4,3,3,4,2,5,4,3,2,4,4,3,4,3,1,2,3,2,2,3,3,3,3,2,2,2,3,2,3,2,3,2,"freshmen","hispanic","female","18-19"
"42",1,1,1,2,1,1,1,2,1,1,1,2,2,2,1,2,1,1,2,1,1,2,2,2,1,1,2,1,1,1,1,1,1,2,2,2,2,1,1,2,2,1,1,2,1,2,1,2,2,1,1,1,2,2,1,1,1,1,1,1,2,2,2,2,2,2,2,1,2,2,1,2,2,1,2,1,1,2,1,1,1,2,3,4,2,3,3,2,4,3,1,3,2,2,2,3,3,3,1,3,3,3,4,3,3,3,2,2,3,3,3,2,2,3,1,3,2,2,4,2,3,2,4,2,2,3,3,3,3,1,3,3,1,3,2,2,3,4,3,3,3,2,3,4,4,4,4,4,5,5,5,4,3,4,3,4,4,4,3,4,4,4,4,3,4,3,2,3,4,3,5,4,3,2,5,5,2,3,2,1,1,1,1,1,2,1,1,1,1,1,1,1,1,1,2,3,2,"junior","biracial","female","20-21"
"43",1,1,2,2,2,1,2,2,1,2,1,1,1,2,1,2,1,1,2,1,1,2,2,2,1,1,2,1,1,1,1,1,2,2,1,2,1,1,1,1,1,1,1,1,2,2,1,1,1,1,2,1,1,2,1,1,1,1,1,1,2,2,2,2,1,1,2,1,2,1,2,1,1,2,2,1,1,2,1,1,1,1,3,1,3,4,3,3,4,3,1,3,3,2,2,4,3,2,2,2,3,3,3,3,3,3,3,2,3,2,3,2,3,3,3,3,2,2,3,3,2,3,3,3,2,3,4,3,3,3,3,3,1,3,3,3,3,3,2,2,3,2,5,5,4,4,4,3,3,4,3,3,3,3,3,4,1,3,3,2,5,3,3,3,3,5,2,4,4,4,4,2,3,2,1,3,2,2,2,1,1,3,1,2,2,2,3,1,1,1,1,3,2,1,4,3,2,"junior","white","female","20-21"
"44",2,1,2,2,2,1,2,2,1,2,2,1,2,2,2,1,1,2,2,2,2,2,2,2,1,1,2,1,1,1,2,1,1,1,1,2,2,2,2,2,1,1,1,2,2,2,2,1,2,2,2,1,2,2,1,1,1,2,1,1,2,2,2,2,2,1,2,2,2,2,1,1,2,1,2,1,1,1,1,1,1,2,2,2,3,3,2,3,4,3,2,2,2,2,2,4,3,2,3,2,3,3,3,3,3,3,2,2,3,2,2,2,2,4,3,2,3,2,3,2,2,3,3,3,2,3,3,3,2,3,2,3,2,3,3,2,3,3,2,2,2,2,4,5,5,3,3,4,4,4,4,3,3,4,4,3,3,4,3,3,3,3,4,4,4,2,3,2,5,3,4,3,4,2,5,4,3,2,2,2,1,2,2,2,2,1,2,1,2,1,1,1,2,2,2,2,2,"freshmen","hispanic","female","18-19"
"45",2,1,2,2,2,1,2,2,1,1,1,1,1,1,1,2,1,1,2,2,1,2,2,2,2,2,2,1,1,1,2,2,2,2,1,2,2,1,1,1,2,1,1,1,1,1,2,1,1,2,1,1,1,2,1,1,1,1,1,1,2,2,2,2,1,1,1,1,1,2,1,1,2,2,1,1,1,2,1,1,1,1,2,2,4,4,3,3,2,4,2,1,2,2,3,4,3,2,1,3,4,3,4,3,3,2,4,2,3,1,3,3,3,3,3,3,2,2,1,1,2,3,3,3,3,2,3,4,2,3,2,1,2,3,2,2,2,4,1,2,2,1,3,4,4,3,2,2,4,5,5,5,4,4,4,3,2,2,3,4,3,5,4,4,4,2,3,3,2,4,4,2,3,2,5,5,1,2,2,2,1,2,1,1,1,3,3,1,1,1,2,1,3,1,5,5,5,"senior","white","male","20-21"
"46",2,1,1,2,2,1,2,2,1,2,1,1,2,2,1,2,1,2,2,1,2,2,2,2,1,1,2,1,2,2,2,2,2,1,2,2,2,2,2,2,2,2,2,2,2,2,2,1,2,2,2,1,2,2,2,1,2,2,2,1,1,2,2,2,2,2,2,2,2,2,1,2,1,2,2,1,1,2,1,2,1,2,4,1,2,1,4,3,3,2,1,3,3,2,1,4,4,1,3,3,2,4,3,4,4,1,4,1,2,3,4,2,4,1,2,4,2,1,3,3,1,2,4,4,2,4,2,3,2,2,3,2,4,2,3,1,1,4,1,1,4,2,3,4,5,3,3,2,5,5,4,5,5,5,5,5,4,5,4,3,2,4,4,3,5,5,3,4,4,4,1,2,4,5,5,5,2,3,2,2,1,1,1,2,1,1,1,1,1,1,1,1,1,1,5,2,3,"junior","white","male","20-21"
"47",1,1,1,1,2,1,1,2,1,2,1,1,1,1,1,2,1,1,2,1,1,1,2,1,1,1,2,1,1,1,1,2,1,2,1,2,1,1,1,1,1,1,1,1,1,2,1,1,2,1,1,1,1,1,1,1,1,2,1,1,2,1,1,2,1,1,2,1,2,2,2,1,2,1,1,1,1,1,1,1,1,1,3,2,3,1,3,3,4,3,2,3,1,2,3,4,3,2,2,3,3,3,4,3,3,3,2,1,3,2,3,2,2,4,3,3,2,3,3,2,2,3,4,3,3,3,3,3,2,3,3,3,2,3,3,2,3,3,3,3,2,1,4,5,5,2,3,2,3,4,5,4,4,4,3,4,2,3,3,4,4,5,3,3,4,3,4,5,4,4,4,1,3,3,3,3,2,2,2,2,1,2,2,1,1,2,1,3,1,1,2,2,2,1,2,3,4,"sophomore","asian","female","18-19"
"48",1,1,2,2,1,1,2,2,1,2,1,1,1,2,1,2,1,1,2,1,1,2,2,1,1,1,2,1,1,1,2,2,1,1,2,2,1,1,1,2,1,1,1,2,1,1,1,1,1,1,1,1,1,1,1,1,2,1,1,1,2,2,2,1,2,2,1,1,2,2,1,1,2,2,2,1,1,2,1,1,1,1,2,3,1,1,2,2,2,3,1,2,1,3,3,3,2,1,1,2,4,3,3,3,3,2,2,3,3,1,2,2,1,4,3,2,2,1,2,1,2,2,4,3,3,4,1,2,2,2,2,2,1,4,2,1,3,3,2,2,2,2,4,5,2,2,3,3,5,5,4,4,4,4,4,3,3,3,3,5,3,4,4,4,4,4,4,3,5,4,4,4,3,1,5,5,2,2,3,1,2,3,3,2,2,2,3,2,2,1,1,4,2,3,3,2,4,"sophomore","white","female","18-19"
"49",2,1,2,2,2,1,2,2,1,2,1,2,2,2,1,2,1,1,2,1,2,2,2,2,1,1,2,1,2,1,2,2,2,2,2,2,2,1,1,2,2,1,2,1,2,2,2,1,1,2,2,1,1,2,1,1,1,2,1,2,2,1,2,2,1,2,2,2,2,2,2,2,2,2,2,1,1,2,2,1,1,2,3,1,2,3,3,4,4,3,2,3,2,2,2,4,3,2,4,2,3,3,3,4,4,4,2,1,3,3,2,2,2,3,3,3,3,2,3,1,1,2,4,1,2,4,3,3,3,2,3,3,2,4,4,3,3,2,2,2,1,1,5,5,4,3,3,5,5,4,5,3,3,3,3,4,4,4,3,4,3,4,5,5,5,5,4,4,5,4,5,4,4,2,5,5,3,2,2,1,2,3,2,1,1,1,2,1,1,1,1,1,3,1,1,3,2,"freshmen","hispanic","female","18-19"
"50",2,1,2,2,2,2,1,2,1,2,2,1,2,2,1,2,1,2,2,1,1,2,2,2,1,2,2,1,1,1,1,2,1,2,2,2,1,2,2,2,1,1,1,2,2,1,1,1,2,2,2,1,2,1,1,1,2,2,1,1,2,2,2,2,1,2,1,1,1,1,2,2,2,1,2,1,2,2,1,1,1,1,3,1,3,3,3,4,4,3,2,3,3,4,3,4,4,2,4,3,2,3,3,4,4,3,3,2,3,4,4,2,1,2,3,3,2,2,3,4,3,3,4,1,1,3,3,4,3,2,3,2,3,3,4,3,4,2,3,2,1,2,3,5,3,3,2,4,4,3,4,3,3,4,3,3,2,2,3,3,3,3,4,4,4,4,3,3,4,4,4,4,4,3,4,3,2,2,3,3,1,3,3,2,2,3,2,1,2,1,1,2,2,2,3,3,3,"sophomore","white","female","18-19"
"51",1,1,1,2,1,1,1,2,1,1,1,1,1,1,1,1,1,1,2,1,2,2,2,2,1,1,1,1,1,1,1,1,1,1,2,2,1,1,1,1,1,1,1,2,1,1,1,1,2,1,2,1,2,2,1,1,1,1,1,1,2,2,2,2,1,2,1,1,2,2,1,1,2,1,2,1,2,2,1,1,1,1,3,3,3,2,2,2,3,3,2,2,2,3,3,3,3,2,2,3,3,3,4,3,3,3,3,2,3,2,3,2,2,3,3,2,3,3,3,2,2,2,3,3,2,3,3,2,2,3,2,3,2,4,2,3,3,2,3,3,2,2,2,4,3,3,2,3,3,4,4,4,4,3,3,3,3,3,3,4,2,3,3,3,3,4,1,2,5,3,3,2,3,5,3,3,3,3,2,2,1,1,1,3,2,1,1,2,2,1,2,3,2,1,4,1,2,"senior","white","male","22-25"
"52",2,1,1,2,2,1,2,2,1,2,2,2,2,2,1,2,1,2,2,1,1,2,2,2,1,1,1,1,2,2,2,2,1,1,2,2,1,2,2,2,2,1,1,2,2,2,1,2,2,2,2,1,2,2,1,1,2,2,2,2,2,1,2,2,2,2,2,1,2,2,2,1,2,2,2,2,2,1,1,1,1,1,4,2,1,2,3,3,3,1,2,3,3,2,2,4,4,2,3,3,2,4,3,4,3,2,3,2,2,4,4,2,1,2,2,3,2,3,3,3,2,2,4,2,2,4,3,3,2,1,3,4,3,4,3,3,3,3,3,2,3,2,3,3,2,2,2,3,3,3,5,4,3,2,2,4,3,3,4,4,1,4,4,4,4,4,4,4,5,3,4,3,4,4,5,4,3,4,2,2,2,3,2,1,1,1,1,1,1,1,2,1,2,2,2,1,2,"senior","asian","male","20-21"
"53",2,2,1,2,2,1,2,2,1,2,1,1,2,2,1,2,1,1,2,2,1,2,2,2,1,1,1,1,1,2,1,2,2,2,2,2,2,1,1,2,2,1,1,2,1,2,1,1,1,1,2,1,2,2,1,1,2,2,1,2,2,2,2,1,1,2,1,2,2,2,2,2,2,2,2,2,1,2,1,1,1,1,3,3,2,3,3,3,4,4,3,3,2,3,2,3,2,2,1,2,3,2,3,2,3,3,3,3,3,2,3,2,2,3,2,2,3,3,2,2,3,3,2,2,3,2,3,3,3,3,1,2,2,2,2,2,3,4,3,3,2,2,2,3,2,2,3,2,5,5,3,2,4,2,3,2,2,2,2,4,2,2,3,3,5,2,4,4,1,4,4,2,3,4,4,4,2,5,2,1,1,2,1,2,1,1,3,1,1,2,4,1,2,2,2,1,2,"senior","white","male","22-25"
"54",1,1,1,2,2,1,2,2,1,2,1,2,2,1,1,1,1,2,2,2,1,2,1,2,1,2,2,1,1,1,2,2,1,2,2,2,2,1,1,2,2,1,2,2,2,2,1,1,1,2,1,1,2,1,1,1,1,1,1,1,2,2,2,2,1,2,1,1,2,2,2,2,2,2,2,2,2,1,1,2,1,2,3,1,2,3,3,2,4,3,1,3,3,1,1,4,3,2,4,3,3,4,2,4,3,4,1,2,4,4,4,2,3,3,3,3,3,3,3,2,1,3,4,1,1,3,3,2,2,2,2,3,2,4,3,4,3,2,2,1,3,2,4,5,5,3,3,5,5,5,5,4,3,4,4,3,5,5,3,5,4,4,5,5,5,4,2,2,3,4,2,2,3,4,5,4,2,2,3,2,1,2,2,2,2,2,1,1,2,1,2,1,1,1,4,5,5,"sophomore","white","female","20-21"
"55",2,1,1,2,2,1,2,1,1,2,1,1,2,2,1,2,1,1,2,1,1,2,1,2,1,1,2,1,1,1,2,2,1,2,1,2,1,1,1,2,1,1,1,2,2,2,1,1,1,1,2,1,1,2,1,1,1,1,1,1,2,2,1,2,2,2,2,2,2,2,1,1,2,2,2,1,1,1,2,1,1,2,2,2,3,3,2,2,2,4,3,3,1,3,3,3,2,2,1,4,3,2,3,3,3,4,1,3,3,2,4,4,4,4,4,3,4,4,2,1,2,3,2,3,3,3,4,2,3,3,1,2,2,4,3,1,3,3,3,3,3,3,3,4,4,2,1,4,4,3,3,3,2,3,1,3,2,2,3,3,1,3,3,3,3,5,4,4,5,5,5,3,3,1,4,4,3,3,3,3,2,3,3,1,1,3,3,1,2,1,2,1,2,1,1,1,2,"freshmen","white","female","18-19"
"56",2,1,1,2,2,1,2,2,1,2,2,2,2,2,1,2,1,1,2,1,2,2,2,2,1,1,2,1,2,2,2,2,2,2,2,2,2,2,1,2,1,1,1,1,2,2,2,2,2,1,2,1,2,1,1,2,2,1,1,2,2,1,2,2,2,2,2,2,2,2,1,2,2,2,1,1,2,1,1,1,1,2,3,1,3,3,4,4,4,4,2,4,3,2,2,4,4,2,3,3,3,4,4,4,4,3,2,1,2,3,4,1,2,4,3,3,3,3,2,1,2,3,4,1,1,3,3,3,2,1,3,1,1,4,3,2,3,1,2,1,4,5,4,4,4,3,3,3,4,5,4,5,5,4,4,4,4,5,5,3,4,5,4,4,5,3,2,2,5,4,5,5,4,1,5,5,1,3,2,1,1,1,2,2,1,2,1,1,1,1,3,1,2,1,1,2,5,"sophomore","black","female","20-21"
"57",1,1,1,2,2,2,1,2,1,2,1,2,1,1,1,2,1,1,2,1,2,1,2,2,1,1,2,1,2,1,1,2,1,2,1,2,1,2,1,2,1,1,2,2,1,2,2,1,2,2,2,1,1,2,1,2,1,2,1,1,2,1,2,2,2,1,1,1,2,2,2,1,2,1,1,2,2,1,2,1,1,1,4,1,2,2,3,4,3,3,4,3,3,3,2,4,4,3,1,4,3,3,4,4,4,3,2,2,3,3,4,3,3,3,4,4,2,3,2,4,2,3,3,3,2,4,4,3,3,2,3,3,3,4,2,1,4,4,3,2,3,3,3,4,4,5,2,5,4,4,4,2,2,1,2,2,1,1,3,1,1,3,4,4,3,4,3,3,5,2,3,4,3,1,5,4,1,3,2,1,1,2,1,2,1,2,2,1,1,1,1,3,2,1,3,3,4,"sophomore","biracial","female","18-19"
"58",2,1,1,2,1,1,2,2,1,2,2,1,2,1,1,1,1,1,2,1,2,1,1,2,1,1,2,1,1,2,1,2,1,2,2,2,1,1,1,1,2,1,1,1,2,2,1,1,2,1,1,1,1,1,1,1,1,1,1,1,1,2,2,2,2,2,1,2,2,2,2,1,2,2,1,1,1,1,1,1,1,1,3,2,2,4,3,4,4,3,4,4,3,2,1,4,4,3,3,3,3,4,4,3,3,2,4,2,2,3,3,1,3,1,3,4,2,3,3,2,3,4,4,4,3,4,3,3,2,2,3,2,4,4,3,3,3,3,2,1,3,2,1,5,1,2,3,3,2,3,3,4,5,2,1,1,2,3,4,3,2,2,5,5,5,5,1,2,3,3,2,2,3,4,5,5,4,4,2,1,1,1,1,1,1,3,1,2,2,1,3,1,1,3,3,3,5,"freshmen","white","male","18-19"
"59",1,1,2,2,2,1,2,2,1,2,1,1,1,1,1,2,1,1,2,1,2,1,1,2,1,1,2,1,1,1,1,2,1,1,1,1,1,1,1,1,2,1,1,2,1,2,1,1,1,2,1,1,2,2,1,1,1,1,1,1,2,1,2,1,1,2,2,1,2,2,2,1,2,1,1,1,1,1,1,1,1,1,3,2,3,3,3,3,2,3,2,2,3,2,2,3,4,2,3,3,2,3,3,3,4,2,3,1,3,2,3,3,3,2,2,3,3,2,2,2,2,2,2,3,2,3,3,3,2,2,2,2,2,4,3,2,3,3,1,2,3,2,2,4,2,2,1,2,1,3,3,3,3,4,4,5,4,4,4,5,2,4,4,4,4,5,2,2,4,3,3,3,3,2,3,3,2,3,3,1,1,3,2,1,1,1,1,1,1,1,3,1,2,1,3,4,5,"junior","white","male","22-25"
"60",1,1,1,2,2,1,2,2,1,2,2,1,1,2,1,1,1,1,1,1,1,1,1,2,1,1,1,1,1,1,1,1,1,1,2,1,1,1,1,1,2,1,1,1,1,1,1,1,1,1,2,2,1,2,1,1,2,2,1,1,1,1,2,1,1,1,1,1,2,2,1,2,2,1,2,1,2,1,1,1,1,2,2,2,2,3,3,2,1,3,2,3,1,3,2,3,3,3,3,3,4,4,2,3,4,3,2,2,3,2,3,3,1,3,2,3,3,2,2,1,2,3,3,1,2,3,3,2,3,3,1,3,3,3,3,3,4,3,2,2,2,3,4,4,3,4,2,2,4,4,4,4,4,4,3,4,4,3,3,3,1,4,4,3,5,3,2,5,4,2,4,3,2,1,4,4,1,2,3,3,1,3,2,1,2,3,1,2,2,1,3,1,1,2,1,2,2,"junior","white","female","20-21"
"61",2,2,1,2,2,2,2,2,1,2,1,1,2,1,1,1,1,1,2,1,1,2,1,NA,1,1,2,1,2,1,1,1,1,1,2,2,1,1,1,2,2,1,1,2,2,2,2,2,2,2,2,2,1,2,2,2,1,2,1,1,1,1,2,2,1,2,1,1,2,2,2,1,2,1,2,1,2,2,1,1,1,1,4,1,1,1,4,2,3,4,1,3,3,1,1,3,4,1,2,4,2,4,1,4,4,1,4,3,3,2,3,3,3,3,4,4,2,1,4,3,1,1,4,3,2,3,3,1,2,1,3,1,4,3,2,2,3,1,1,3,3,3,3,4,3,2,2,4,2,4,5,2,2,3,3,4,4,4,3,NA,3,3,5,5,5,5,1,3,4,1,2,2,3,2,5,5,3,3,2,2,1,2,2,1,1,2,2,1,1,1,3,1,2,3,2,1,4,"junior","white","male","20-21"
"62",2,1,1,2,2,1,1,2,1,2,2,1,1,2,1,1,1,1,2,1,1,2,1,2,1,1,2,1,1,1,1,1,1,2,1,2,1,1,1,1,1,1,1,2,1,1,1,1,2,1,2,1,2,2,1,1,1,1,1,1,2,2,2,2,1,1,1,1,1,2,1,2,2,1,1,1,2,2,1,1,1,1,2,1,3,3,3,2,3,3,2,3,3,2,2,3,4,1,2,1,2,3,2,3,3,3,3,2,3,3,2,2,2,3,2,2,3,3,3,3,2,2,4,1,2,3,3,2,2,3,2,3,4,3,3,2,3,2,2,2,2,2,3,5,4,2,2,4,5,4,4,4,4,4,3,5,2,4,4,3,3,4,4,4,5,5,2,3,5,5,3,2,2,2,4,3,2,2,2,3,1,2,1,1,1,3,1,1,1,1,3,1,1,1,2,4,5,"junior","white","female","20-21"
"63",1,1,1,2,2,2,2,2,1,2,1,1,2,2,1,1,1,1,2,2,2,2,1,2,1,1,2,1,1,1,1,1,2,1,2,2,1,1,1,2,2,1,1,2,1,2,1,2,2,2,1,1,1,2,1,1,1,2,1,2,2,2,2,2,1,1,2,1,2,2,1,2,1,2,2,1,2,1,1,1,1,1,3,1,2,3,4,4,2,2,1,3,4,1,2,3,3,3,1,3,2,4,4,3,3,2,4,3,3,2,2,3,2,2,1,4,2,3,3,3,1,1,3,1,2,3,2,4,2,1,4,3,2,3,3,3,2,3,2,1,3,2,3,4,3,3,3,5,4,4,4,2,2,4,4,4,2,3,4,3,1,3,4,4,4,5,1,3,4,3,5,4,4,3,4,4,3,2,1,1,1,2,3,2,1,2,2,1,1,1,3,1,1,2,1,2,4,"junior","hispanic","male","22-25"
"64",1,1,1,2,2,2,2,2,2,2,1,1,2,2,1,2,2,1,2,1,1,2,2,2,1,1,2,1,2,1,2,1,2,2,1,2,2,1,1,2,2,1,1,1,1,2,2,1,1,1,1,2,1,2,1,2,2,2,1,1,2,1,2,2,1,1,2,1,2,2,2,1,2,2,2,1,2,1,1,1,1,1,3,2,2,3,3,3,3,3,2,3,3,3,2,3,3,2,2,3,3,4,3,3,3,3,3,2,2,3,3,3,3,3,2,3,2,3,3,2,3,2,3,2,2,3,2,3,3,2,3,3,1,3,3,3,3,3,2,2,3,2,4,5,4,4,3,3,5,4,5,3,3,4,3,5,2,3,2,4,4,4,4,4,4,5,3,3,5,5,5,3,4,3,5,4,2,3,2,2,1,2,1,1,1,1,1,2,1,1,3,1,1,1,1,4,2,"sophomore","black","female","18-19"
"65",2,1,2,2,2,2,2,2,2,2,2,2,2,2,2,2,2,2,2,2,2,2,2,2,1,2,2,2,2,2,2,2,2,1,2,2,2,2,2,2,2,1,2,2,2,2,2,2,2,2,2,2,2,2,2,2,2,2,2,2,2,2,2,2,2,2,2,1,2,2,2,2,2,2,2,2,2,2,2,2,2,2,4,1,1,2,4,4,4,2,1,4,3,1,2,4,4,1,2,3,3,2,4,2,3,2,4,1,3,3,2,4,3,3,2,4,2,3,3,1,1,1,4,2,2,3,3,4,1,1,4,4,1,2,3,2,1,3,2,2,3,1,5,5,5,5,5,5,5,5,4,4,4,5,4,5,4,5,4,5,5,5,5,4,5,5,3,3,5,5,5,3,4,2,5,5,1,3,1,3,1,1,2,1,3,3,1,1,1,1,1,1,1,1,5,3,3,"senior","black","male","22-25"
"66",2,1,1,2,2,2,2,2,1,2,1,2,2,2,1,2,1,1,2,1,2,2,2,2,1,1,2,1,1,1,2,1,2,2,2,2,1,2,2,2,2,1,1,2,2,1,1,1,1,1,2,1,1,2,2,2,1,1,1,1,2,1,1,2,1,1,1,2,1,2,2,2,2,1,2,1,2,1,1,1,1,1,3,3,3,3,3,3,2,3,3,3,3,2,2,4,4,2,3,3,2,3,4,3,2,2,3,3,2,3,3,3,2,2,1,3,1,3,3,2,1,1,4,2,3,2,1,4,2,2,4,3,2,3,3,2,3,3,3,4,2,2,3,4,4,2,3,4,4,4,4,3,2,4,3,2,2,2,4,3,3,2,4,4,3,4,4,3,5,4,1,2,4,2,5,4,4,3,1,3,1,1,1,1,1,1,1,1,1,1,1,1,1,2,5,1,2,"senior","white","male","22-25"
"67",2,1,1,2,2,1,2,2,1,2,1,1,2,2,1,2,1,1,2,1,2,2,1,2,1,1,2,1,2,2,2,2,2,1,2,2,2,2,2,2,2,1,1,2,2,2,1,2,2,1,2,1,1,2,1,1,2,2,1,2,2,2,2,1,2,2,1,1,2,2,2,2,2,1,2,2,2,2,1,2,1,2,3,3,1,2,3,3,4,4,3,4,3,2,1,4,3,2,2,3,3,3,3,4,3,3,4,2,2,2,3,3,3,3,3,4,2,3,3,2,1,2,4,3,2,4,3,3,3,2,3,2,2,3,3,2,3,4,3,1,3,3,2,4,3,2,3,3,3,3,4,3,3,2,2,3,2,2,1,3,1,2,3,3,3,1,2,4,5,3,5,2,4,3,5,5,3,3,2,2,1,1,1,1,1,2,1,1,1,1,3,1,2,1,2,4,3,"junior","black","female","20-21"
"68",2,2,1,2,2,2,2,2,1,2,1,2,2,2,1,2,1,2,2,2,2,2,2,2,1,2,2,1,2,1,2,2,2,2,2,2,1,1,2,2,2,1,1,1,2,2,2,2,2,2,2,2,2,1,1,2,2,2,1,1,2,2,2,2,1,1,2,1,2,2,2,2,2,2,2,2,2,1,1,1,1,2,4,3,1,1,4,3,4,1,1,4,4,2,1,4,4,1,2,3,2,3,4,4,2,2,3,2,3,3,3,3,3,3,1,3,2,1,2,3,2,2,4,3,2,4,1,3,3,3,2,3,1,4,4,3,2,2,2,1,3,2,1,3,2,1,3,3,4,3,3,2,2,3,4,3,3,3,2,4,2,3,4,4,4,3,4,4,5,4,5,2,5,1,4,5,3,2,2,3,1,1,2,2,1,3,1,2,1,1,1,1,2,2,3,2,2,"sophomore","black","female","18-19"
"69",1,1,1,2,2,1,1,2,1,2,1,1,1,2,1,1,1,1,2,1,1,1,1,1,1,1,1,1,1,1,1,2,1,1,1,2,1,1,1,1,2,1,1,1,1,1,1,2,1,1,1,1,1,1,1,1,1,1,1,1,2,2,2,1,1,1,1,1,2,2,2,2,2,1,1,1,2,1,1,1,1,1,2,1,3,3,3,3,4,4,2,2,1,1,2,3,3,1,2,3,3,3,3,4,4,4,3,2,3,2,3,2,2,3,2,3,3,3,2,1,1,3,3,2,2,3,3,3,3,2,1,4,3,3,3,1,3,3,2,2,1,1,2,3,2,3,1,2,3,4,3,5,5,4,4,3,3,3,3,3,4,4,3,3,3,3,1,1,4,1,3,2,2,1,5,3,3,2,3,1,1,3,1,1,1,2,2,2,2,1,3,1,1,1,1,1,3,"junior","white","female","20-21"
"70",2,1,1,2,2,1,2,2,1,2,1,1,1,2,1,2,1,2,2,1,1,1,2,2,1,1,1,1,1,1,1,2,2,2,1,2,1,1,1,2,2,1,1,1,1,2,1,1,1,2,1,1,1,2,1,1,1,1,1,1,2,1,2,2,1,1,2,1,2,2,2,1,2,1,1,1,2,1,1,1,1,2,3,2,2,2,3,3,3,2,2,3,2,1,2,4,3,2,4,3,3,4,3,3,4,3,3,2,3,3,4,2,2,3,1,4,3,2,3,3,2,3,3,1,2,3,3,3,2,1,3,3,2,4,3,2,3,2,1,1,3,2,3,4,5,4,2,5,4,3,5,3,3,4,4,4,3,3,4,5,2,4,4,4,4,3,1,4,4,5,5,2,4,2,5,4,2,1,2,1,2,3,2,2,1,1,1,1,2,1,2,3,2,2,2,5,5,"sophomore","white","male","18-19"
"71",1,1,1,2,2,1,1,2,1,1,2,1,2,1,1,1,1,1,2,2,2,1,2,2,1,1,1,1,1,1,1,2,2,1,2,2,2,2,1,2,2,1,2,2,2,2,2,1,2,2,1,1,1,2,1,1,2,2,1,1,1,2,2,2,2,2,2,2,2,2,1,1,2,1,2,1,1,2,1,1,1,2,2,2,3,2,4,3,3,3,1,3,3,2,2,4,4,2,3,3,2,3,3,3,4,3,3,2,2,3,3,2,3,3,3,4,3,3,3,1,3,3,4,2,2,4,3,2,3,2,3,2,2,3,3,3,2,3,2,2,3,2,3,4,4,2,1,5,5,3,3,3,3,4,2,3,4,4,3,3,1,3,4,3,4,3,2,4,2,2,5,4,4,1,5,5,3,3,1,1,1,1,1,2,1,2,1,1,2,1,3,1,1,1,1,1,3,"junior","white","female","20-21"
"72",2,1,1,2,2,2,1,1,1,2,2,1,1,2,1,2,1,1,2,1,2,2,2,2,1,2,1,1,1,1,2,2,1,2,1,2,1,1,1,2,1,1,1,1,1,2,2,1,2,1,2,1,1,1,1,1,1,1,1,1,2,1,1,2,2,1,2,1,2,2,2,1,2,1,1,1,1,1,1,1,1,1,1,1,2,2,2,2,2,3,2,1,1,1,3,2,3,1,2,1,3,3,2,1,2,2,3,1,3,2,2,1,1,2,2,1,2,3,1,1,1,1,2,1,1,1,3,1,2,1,1,1,1,1,3,3,3,2,1,1,1,1,4,5,5,3,3,5,4,4,3,5,5,5,4,4,3,2,3,4,3,5,4,4,4,2,1,2,3,3,5,1,2,3,3,1,2,1,4,3,2,3,3,2,2,3,2,2,2,2,3,1,2,2,3,3,5,"freshmen","white","female","18-19"
"73",2,1,1,2,2,1,2,2,1,2,1,1,2,2,1,2,1,1,2,2,1,1,2,2,1,2,2,1,1,1,1,2,2,2,1,2,1,2,1,2,2,1,1,1,2,2,2,1,1,2,1,1,1,2,1,1,1,1,1,1,2,1,2,2,1,2,2,2,2,2,1,1,2,2,2,1,1,1,1,1,1,1,3,1,2,2,3,3,3,3,1,3,3,2,2,4,4,2,2,2,2,3,3,4,4,3,2,2,3,2,2,3,3,3,3,2,3,4,3,3,2,3,4,3,3,3,4,4,2,3,3,4,3,4,2,4,3,3,2,2,3,2,3,5,2,2,3,5,4,4,4,4,4,4,2,3,2,3,4,4,2,4,4,4,4,4,4,2,5,3,3,3,5,5,5,2,1,2,3,1,1,2,2,2,2,1,1,1,1,2,1,1,1,1,1,5,5,"freshmen","white","female","18-19"
"74",1,1,1,2,2,1,2,2,1,1,1,1,2,2,1,2,1,2,2,2,2,1,1,2,1,1,2,1,1,1,1,1,1,1,1,1,1,1,1,2,1,1,2,2,2,2,1,1,2,1,2,1,2,2,1,1,2,2,1,2,2,2,2,2,1,2,2,1,2,2,1,2,1,2,2,1,2,2,1,1,1,2,2,2,2,3,3,1,1,3,2,4,3,2,2,3,3,3,2,3,3,4,3,4,3,3,4,2,3,3,4,3,4,3,3,4,3,3,2,4,3,4,4,4,3,4,4,3,3,3,4,4,2,4,4,3,3,3,3,3,3,3,3,4,4,3,2,4,4,4,4,2,3,3,4,4,4,3,3,4,3,4,4,3,4,2,2,2,3,4,3,3,3,2,4,4,3,3,2,1,1,2,1,1,1,2,1,1,1,1,1,1,1,1,2,3,2,"junior","white","female","22-25"
"75",2,2,2,2,2,2,2,1,2,2,2,2,2,2,1,1,1,1,2,2,1,2,2,2,1,1,2,1,2,1,2,1,2,1,1,1,1,1,2,2,2,2,2,2,1,2,2,1,1,1,2,1,2,2,1,1,1,2,2,2,2,2,2,2,2,1,2,1,1,2,1,1,2,2,2,1,1,2,1,1,1,1,3,3,2,3,3,3,4,3,1,3,4,1,1,4,3,2,3,3,2,2,3,4,4,3,3,3,2,3,4,2,1,3,1,2,1,3,3,3,2,2,3,1,2,4,3,3,2,2,3,3,2,4,4,3,3,3,2,1,3,2,2,5,4,2,1,4,3,4,3,3,3,4,4,4,4,4,4,4,3,4,3,2,4,3,3,3,4,2,5,2,3,2,5,5,2,2,1,1,1,2,2,1,1,1,1,2,1,1,3,1,2,2,3,3,4,"senior","white","male","22-25"
"76",2,1,1,2,2,1,1,2,1,2,1,2,2,2,1,1,1,1,2,2,2,2,2,1,1,1,2,1,1,1,1,1,1,2,1,2,2,2,1,1,2,1,2,2,1,2,1,2,2,2,2,2,1,2,1,1,1,1,1,2,2,2,2,2,2,2,1,2,2,2,2,1,2,1,1,2,1,1,1,2,1,1,3,2,4,3,3,4,4,1,1,3,4,2,1,4,4,1,4,2,3,4,3,4,4,3,3,1,3,4,3,1,1,3,2,2,2,2,3,2,1,3,4,1,1,4,4,3,3,2,4,4,4,4,3,3,3,3,2,1,3,2,4,5,4,3,3,5,4,4,4,3,3,3,3,4,5,5,5,5,3,3,5,5,4,5,4,4,5,4,3,2,3,1,5,5,3,3,2,1,1,3,2,2,1,1,1,2,1,1,2,2,1,2,2,3,4,"junior","white","female","20-21"
"77",1,1,1,2,2,1,1,2,1,1,1,1,1,1,1,1,1,1,2,2,1,1,1,2,1,1,1,1,1,1,1,1,2,1,1,1,1,1,1,2,2,1,1,2,1,2,1,1,1,1,2,1,1,2,1,1,1,1,1,1,2,1,1,1,1,1,1,2,2,2,1,1,2,1,2,1,1,1,1,1,1,1,3,2,3,2,3,2,3,2,1,3,2,2,3,3,3,1,2,2,3,3,3,3,3,3,3,1,3,3,3,3,2,3,1,2,2,2,2,2,1,1,3,2,1,4,4,3,3,1,2,3,4,2,4,2,3,2,2,2,3,2,1,3,2,2,2,5,4,4,4,5,5,4,5,3,4,5,4,5,3,4,4,4,4,4,3,3,4,3,4,2,2,3,4,4,3,2,2,3,1,2,2,2,1,2,2,1,1,1,2,1,2,2,1,2,5,"junior","biracial","male","20-21"
"78",2,1,1,2,1,2,1,2,1,2,1,1,1,2,1,1,1,1,2,2,2,2,2,2,2,1,2,1,2,2,1,2,2,1,2,1,1,2,1,2,2,1,1,2,1,1,1,2,1,1,2,1,1,2,1,1,1,1,1,1,2,2,2,2,2,1,1,1,2,2,1,1,1,2,1,1,2,1,1,1,1,1,2,1,3,3,3,3,3,3,3,3,2,2,2,3,3,1,2,3,2,1,4,3,3,2,2,1,1,2,2,2,2,3,2,2,2,2,3,2,1,1,3,1,1,2,3,2,3,2,3,2,1,2,3,2,3,3,2,1,1,1,4,4,2,2,2,4,3,4,4,4,4,4,4,4,4,4,3,4,2,3,3,3,4,5,4,4,3,4,3,3,2,2,4,4,2,2,3,1,2,3,3,3,3,3,3,3,2,4,2,4,2,3,4,5,5,"senior","white","female","20-21"
"79",2,1,1,2,2,2,2,2,1,2,2,1,2,2,1,2,1,1,2,2,2,2,2,2,1,2,2,1,1,2,2,2,2,1,2,1,1,1,1,1,2,1,1,2,1,2,1,1,2,2,2,1,1,2,1,1,2,2,1,1,2,2,2,2,2,1,2,2,2,2,2,1,2,1,2,1,2,2,1,1,1,2,3,1,3,3,3,2,4,3,1,3,1,4,3,4,2,2,3,1,3,1,3,3,4,4,1,1,4,3,3,1,1,4,2,3,3,1,2,1,3,3,3,2,1,4,4,3,3,2,3,1,2,3,4,1,4,1,3,1,1,1,3,4,5,4,4,4,3,3,5,3,3,2,2,2,1,2,2,2,2,2,4,3,3,3,4,4,4,4,4,4,5,3,5,5,3,4,2,4,1,2,2,2,2,2,2,1,2,1,1,1,2,1,3,3,1,"sophomore","white","female","18-19"
"80",2,1,1,2,2,2,2,2,1,2,2,2,2,2,2,1,1,2,2,2,2,2,2,2,1,2,2,2,1,1,1,1,1,1,2,2,2,2,1,1,2,1,2,2,2,2,1,1,2,1,1,1,1,2,1,1,2,2,1,1,2,2,2,2,1,NA,1,2,2,2,1,1,1,2,2,1,2,1,1,1,1,2,3,2,2,2,4,3,3,2,1,4,3,1,1,4,4,2,3,3,3,4,4,4,4,2,3,2,3,2,3,2,3,2,2,3,1,2,2,1,2,2,4,3,1,4,3,3,2,1,4,3,4,4,2,3,2,3,2,3,2,2,4,5,5,3,2,4,4,3,3,3,4,3,3,3,3,4,4,5,4,4,5,5,5,5,1,5,5,5,2,2,3,2,4,5,3,2,2,3,1,3,2,1,1,2,1,1,2,1,3,1,2,2,1,1,1,"senior","hispanic","female","22-25"
"81",2,2,1,2,2,1,2,2,2,2,1,2,2,2,2,1,1,2,2,1,2,2,2,2,1,2,1,1,2,1,1,1,1,1,2,2,1,2,1,2,2,1,1,2,2,2,1,2,2,2,2,2,1,1,1,2,1,2,1,2,1,2,2,2,1,1,1,2,2,2,1,2,1,2,1,2,1,1,1,1,1,1,3,3,3,2,4,4,3,2,2,4,3,2,2,4,3,2,3,2,2,3,3,2,4,3,3,2,2,4,3,3,3,2,3,2,2,3,3,3,3,3,4,3,2,3,3,3,2,2,3,3,4,3,3,3,3,2,2,2,3,2,3,4,3,4,4,3,3,4,4,3,4,4,3,2,3,3,2,2,1,3,4,4,4,3,2,2,4,2,2,2,3,3,2,3,2,3,2,1,1,2,2,1,1,1,1,1,1,1,2,1,1,2,1,3,4,"senior","white","female","20-21"
"82",2,2,1,2,2,1,1,1,1,2,2,1,1,2,2,1,2,2,1,2,1,1,2,1,2,2,2,2,1,2,1,2,1,2,2,1,1,1,1,1,2,1,1,2,1,2,1,2,1,2,1,1,1,2,1,2,1,1,1,1,2,2,2,2,1,2,1,1,1,1,1,1,2,1,1,2,2,1,1,1,1,1,3,2,2,2,3,3,4,3,2,2,2,2,2,3,3,3,2,2,3,3,3,3,3,4,1,2,4,4,1,2,2,3,1,3,3,3,2,2,2,3,2,2,3,4,3,3,3,2,3,3,3,4,4,3,3,3,3,2,3,3,2,4,3,2,2,2,2,2,2,3,3,3,3,3,2,2,3,3,2,3,4,4,4,4,2,2,4,2,2,2,4,3,4,4,3,2,2,1,1,2,2,2,1,2,1,1,1,1,2,2,2,2,3,4,5,"junior","white","female","20-21"
"83",1,1,1,1,2,2,1,1,1,1,1,2,1,1,2,1,1,2,2,1,1,2,2,2,1,1,1,1,1,1,2,1,1,1,1,2,2,1,1,2,2,1,2,2,2,2,1,1,2,1,1,1,1,2,1,1,1,1,1,1,1,1,2,2,1,1,1,1,1,2,2,1,2,1,1,1,1,1,1,1,1,1,4,2,3,3,3,3,3,3,2,3,2,2,2,4,3,2,3,2,3,3,3,3,3,3,3,3,3,3,3,3,3,3,3,3,3,3,3,3,2,2,3,2,2,3,4,3,3,2,3,3,3,3,3,3,3,2,2,2,2,2,2,1,3,2,2,2,2,2,1,1,1,1,2,2,5,4,4,4,3,3,3,3,3,3,3,2,5,3,3,3,3,3,4,4,4,4,1,1,1,1,1,1,1,2,1,1,1,1,1,1,1,1,4,4,4,"senior","white","female","22-25"
"84",2,2,1,2,2,2,2,2,2,2,1,1,2,2,1,2,1,1,2,1,2,2,2,2,1,2,2,1,2,2,2,1,1,2,2,2,2,1,1,2,2,1,1,1,2,1,2,1,1,2,2,2,2,2,1,2,2,2,1,2,2,1,2,2,2,2,2,1,2,2,1,2,2,2,1,2,2,1,1,1,1,1,2,2,3,4,4,4,4,3,2,4,2,3,3,4,3,3,3,3,3,3,4,3,3,3,4,2,2,2,3,3,3,3,2,3,2,3,2,1,2,3,3,2,3,3,3,4,3,3,3,3,3,3,3,3,3,2,2,3,3,3,3,3,3,3,3,1,3,3,4,3,3,3,3,3,2,3,2,3,1,4,3,3,3,4,3,3,4,3,5,2,3,2,2,4,3,3,2,2,2,3,3,1,2,3,3,3,2,2,3,1,2,2,2,3,5,"freshmen","black","male","20-21"
"85",1,1,1,1,1,1,1,1,1,1,1,1,1,2,1,1,1,1,2,2,2,1,1,2,1,1,1,1,1,1,1,1,1,2,1,2,1,2,1,1,2,1,1,2,1,2,1,1,2,1,1,1,1,2,1,1,1,2,1,1,2,1,1,1,1,1,1,1,2,2,1,1,2,1,1,1,1,2,1,1,1,1,3,2,1,1,3,3,2,3,1,2,1,1,1,2,1,3,3,3,2,4,2,1,3,3,2,4,1,2,3,1,3,2,1,1,3,3,3,1,1,4,2,3,1,4,2,3,1,3,3,3,2,1,4,2,3,3,2,1,2,3,2,1,3,3,4,2,1,3,4,2,1,3,1,4,3,3,2,1,3,3,2,4,2,4,3,1,3,2,1,3,2,1,1,3,1,4,2,1,1,3,2,1,4,2,3,1,2,4,2,1,4,2,1,3,1,"junior","asian","male","20-21"
"86",1,2,2,2,2,1,2,2,2,2,2,1,1,1,1,1,1,2,1,NA,1,2,2,2,2,2,1,1,1,2,1,2,2,1,1,1,1,1,1,1,2,2,2,2,2,2,2,2,1,1,1,2,2,1,1,1,1,2,2,2,1,1,1,1,1,1,1,1,1,2,2,2,1,1,1,1,1,2,2,2,1,2,3,3,2,3,1,2,3,4,3,3,4,3,2,3,2,3,4,4,1,2,3,4,3,3,2,2,1,1,1,1,1,1,1,1,3,2,3,2,4,4,3,3,2,1,2,2,3,1,1,1,2,2,2,1,2,2,2,2,1,2,3,4,4,3,2,2,3,4,3,2,1,2,3,4,5,3,2,1,1,2,3,4,3,2,2,3,2,3,3,2,3,2,1,1,1,1,1,1,1,2,2,3,3,2,2,2,2,3,1,3,2,3,3,3,4,"sophomore","black","male","20-21"
"87",2,1,1,2,2,1,2,2,1,2,2,1,1,1,1,2,1,1,2,2,1,2,2,2,2,2,2,1,1,1,2,2,2,2,2,2,2,1,1,2,2,1,2,2,2,2,2,1,2,2,2,1,1,2,1,1,2,2,1,1,2,2,2,2,2,2,2,1,2,2,2,2,2,2,2,2,2,2,1,1,1,2,3,3,3,3,3,3,3,3,1,4,1,2,3,4,3,3,4,3,3,4,3,4,3,3,3,4,3,3,3,3,3,2,2,3,3,3,2,1,3,3,4,3,3,3,3,3,3,3,3,3,2,3,3,4,3,3,3,3,3,3,4,4,4,4,4,5,4,4,5,3,3,2,2,2,2,2,3,1,1,2,3,3,4,2,3,3,5,4,5,3,3,5,5,5,3,2,2,1,2,2,2,1,1,1,1,2,2,1,2,1,2,1,1,3,4,"freshmen","asian","female","18-19"
"88",2,1,1,2,2,2,1,1,1,2,1,1,2,2,2,2,1,1,2,2,2,2,2,2,2,1,2,1,1,2,2,2,1,2,1,2,1,1,1,2,1,1,2,1,2,2,1,1,1,1,1,2,2,2,2,2,1,1,1,1,1,2,2,2,2,1,2,1,2,2,2,1,2,1,2,2,2,2,1,2,1,2,3,2,3,2,3,4,4,4,2,4,2,2,3,4,4,2,4,3,3,3,3,3,4,3,2,3,3,3,3,2,3,4,4,4,3,4,2,2,2,3,3,3,3,4,3,3,4,3,2,4,2,4,4,3,4,4,2,2,2,2,4,5,5,4,4,5,5,4,4,3,3,4,3,4,3,3,4,4,3,4,4,4,4,4,2,2,4,3,4,3,3,2,3,3,3,3,2,3,4,3,3,3,2,4,2,4,3,1,3,3,2,NA,5,3,2,"freshmen","white","female","18-19"
"89",2,1,2,2,2,2,2,2,1,2,1,2,2,2,1,2,1,1,2,1,1,2,1,2,1,2,2,1,1,1,2,2,2,2,2,2,2,1,2,2,2,1,1,2,1,2,1,1,1,2,2,1,2,2,1,1,1,1,1,1,2,2,2,2,1,1,1,2,2,1,1,1,2,1,2,2,1,2,1,1,1,1,3,2,3,3,3,4,4,3,2,3,2,1,1,4,3,2,4,2,1,2,3,4,4,2,3,2,3,3,3,2,3,4,1,4,2,2,3,3,2,2,3,3,2,2,2,2,3,1,3,3,3,4,4,2,2,2,1,1,3,2,2,4,2,2,2,3,4,4,5,3,4,4,4,5,2,2,3,4,2,4,3,3,4,2,1,3,4,4,4,2,4,4,5,5,4,3,1,2,1,2,1,1,1,1,1,1,1,1,2,1,2,NA,4,3,2,"freshmen","white","male","18-19"
"90",2,1,2,2,2,1,1,2,2,2,2,2,1,2,1,1,1,2,2,1,2,2,2,2,1,2,2,2,1,2,1,2,1,2,2,2,2,1,2,2,1,1,2,1,2,2,1,2,2,2,2,1,1,2,1,1,1,1,2,2,2,1,2,2,1,2,2,2,2,2,2,2,2,1,2,2,1,2,1,2,1,1,3,2,2,3,4,4,4,1,1,3,3,2,3,4,4,2,3,2,2,2,3,3,3,3,3,2,2,3,2,1,1,3,2,3,1,2,3,3,3,2,4,1,3,3,2,4,4,2,4,2,1,3,2,2,2,1,1,1,2,1,4,5,5,4,2,4,3,3,3,2,2,3,2,2,1,1,3,1,1,4,5,4,5,4,2,4,5,4,5,1,1,3,2,2,2,1,2,2,2,2,2,2,1,1,2,2,2,3,1,1,2,2,1,2,5,"freshmen","white","female","18-19"
"91",2,1,1,2,2,1,1,2,1,1,1,1,1,2,1,1,1,1,2,1,1,2,1,2,1,1,1,1,1,1,1,1,1,2,1,2,1,1,1,1,2,1,1,1,1,2,1,1,1,2,2,1,1,1,2,1,1,1,1,1,2,2,2,1,1,1,2,1,1,2,2,1,1,1,2,2,1,1,1,1,1,1,1,2,4,3,3,3,3,3,2,3,2,4,4,3,3,2,3,3,3,3,4,2,3,4,1,1,2,3,4,3,3,3,4,3,4,3,3,3,2,2,3,3,3,4,3,3,2,3,3,3,2,3,4,1,4,1,3,2,2,2,5,2,2,2,2,3,3,4,4,4,3,4,2,2,2,2,4,4,1,5,4,4,3,4,1,2,5,2,2,2,1,1,3,4,2,1,2,1,3,3,3,2,2,4,3,3,2,1,2,1,3,2,1,1,1,"junior","white","female","20-21"
"92",2,1,1,2,2,1,1,1,1,2,1,1,2,1,1,1,1,2,2,2,2,2,1,2,1,1,1,1,2,1,1,2,1,1,2,2,1,1,1,1,2,1,1,2,2,2,1,1,2,1,2,1,2,1,1,1,1,1,1,1,2,2,2,2,1,2,1,1,1,2,2,2,2,2,2,1,2,1,1,1,1,1,3,2,3,3,4,4,4,2,2,4,1,2,2,4,4,1,3,3,3,4,3,4,4,3,3,1,2,4,3,3,3,4,3,3,2,1,3,4,3,3,4,1,1,4,3,4,4,3,2,3,2,4,2,4,4,3,3,2,3,2,2,5,3,2,2,4,4,3,3,2,3,2,2,3,1,3,3,4,4,4,5,5,4,5,3,3,3,5,2,1,4,5,5,5,2,2,2,3,1,2,2,3,1,2,1,1,1,1,1,1,1,1,4,2,2,"junior","white","female","20-21"
"93",1,1,1,2,1,2,2,2,1,1,1,1,1,1,1,1,1,1,2,1,1,2,2,2,1,1,2,1,1,1,1,2,2,2,1,2,1,1,1,1,2,1,1,1,1,1,1,1,2,1,1,1,1,1,1,1,2,1,1,1,2,1,2,2,1,1,1,1,2,2,1,1,1,1,1,1,2,1,1,1,1,1,3,2,1,2,2,2,3,3,2,2,2,3,4,3,2,2,1,3,3,3,3,3,3,3,3,2,3,1,3,3,4,4,3,3,3,3,3,2,2,3,2,3,3,2,4,2,3,1,2,3,2,4,2,2,3,3,2,3,3,2,3,3,2,2,3,3,2,3,2,3,3,2,2,3,3,1,3,3,2,3,3,3,3,3,2,2,4,3,1,2,3,3,3,4,2,3,2,2,1,2,2,1,1,3,2,1,1,1,3,1,2,2,1,2,3,"junior","black","male","20-21"
"94",1,2,2,1,2,1,1,1,2,1,1,1,2,1,1,1,1,1,2,1,1,1,2,2,1,2,2,1,1,1,1,2,1,2,1,2,2,2,1,1,2,1,1,2,1,1,1,1,2,1,1,1,1,1,1,1,1,1,1,1,2,1,2,1,2,1,1,1,1,2,2,2,2,1,1,1,2,1,1,1,1,1,3,2,2,3,3,3,3,2,2,3,2,3,3,3,3,3,3,2,3,3,3,3,3,2,2,1,2,2,3,3,2,4,1,3,2,2,2,2,3,2,3,2,2,2,3,2,3,3,3,3,3,2,2,3,3,1,3,2,2,2,3,4,4,1,1,5,3,2,4,2,3,2,2,1,1,2,2,3,3,4,5,5,5,1,1,5,5,5,5,3,3,1,4,4,2,2,3,2,3,4,2,2,1,1,3,2,2,1,3,1,1,2,2,2,3,"sophomore","white","female","18-19"
"95",1,1,2,2,2,1,2,2,1,2,1,1,2,2,1,1,1,1,2,1,1,2,2,2,1,1,2,1,1,1,1,1,1,1,2,2,1,1,1,2,2,1,1,2,1,2,1,1,1,2,2,1,2,2,1,1,1,1,1,1,2,2,2,2,1,1,2,2,1,2,2,2,2,2,2,1,1,2,1,1,1,1,3,1,3,4,3,3,4,4,3,3,2,3,2,4,3,2,2,2,3,3,2,3,3,4,2,2,3,2,3,3,3,4,3,3,3,2,2,4,3,3,3,3,2,4,4,3,3,3,2,4,4,4,3,2,4,3,3,2,2,2,2,4,5,2,3,5,5,3,5,3,3,3,3,3,1,2,2,1,1,3,4,3,3,4,4,2,4,4,2,2,3,3,3,2,2,2,3,2,3,4,2,3,2,3,2,3,2,2,1,3,3,1,2,2,3,"junior","white","female","20-21"
"96",1,1,2,2,2,2,2,2,1,2,1,1,2,2,1,1,1,1,2,2,2,2,2,2,1,2,2,1,1,1,2,2,1,2,1,2,1,1,1,2,2,1,1,1,1,2,2,1,2,2,2,1,1,2,1,1,1,1,1,1,2,2,2,2,1,1,2,1,2,2,2,1,2,2,1,1,1,1,1,1,1,1,3,1,2,2,3,3,3,2,3,3,1,2,2,2,3,2,1,2,2,3,3,3,3,3,3,2,3,2,3,3,2,2,2,3,3,1,2,2,1,2,4,3,1,3,4,3,2,3,3,2,3,4,3,2,2,4,1,2,3,3,3,4,5,3,3,2,3,4,5,3,4,4,4,4,3,2,3,4,2,4,4,4,4,4,2,2,3,3,4,2,3,3,5,4,3,2,2,2,1,2,2,1,1,1,1,1,1,1,1,1,2,1,3,4,5,"junior","white","male","20-21"
"97",1,1,1,2,2,1,1,2,1,1,1,1,1,1,1,1,1,1,1,1,2,2,1,2,1,1,1,1,1,1,1,1,2,2,1,2,1,1,1,1,1,1,1,1,1,1,1,1,1,1,1,2,1,1,1,1,1,1,1,1,2,1,1,1,1,1,1,1,2,2,1,1,2,1,1,1,1,1,1,1,1,1,1,1,2,3,3,3,3,3,3,3,2,3,3,3,3,3,3,3,3,3,3,3,3,3,3,3,3,3,3,3,3,3,2,2,3,3,3,3,3,3,3,3,3,3,3,3,3,3,3,2,2,2,3,2,3,3,3,3,2,3,4,4,3,4,2,4,4,4,4,4,4,3,4,4,4,4,4,4,2,2,4,2,3,2,3,3,4,3,3,3,3,3,3,3,3,3,2,2,1,1,1,2,1,2,2,1,1,2,1,1,1,2,4,3,5,"freshmen","hispanic","male","18-19"
"98",2,1,2,2,2,2,2,2,1,2,2,2,1,2,1,2,1,1,2,2,2,2,1,2,1,1,2,1,1,1,1,2,2,1,2,2,1,2,1,2,2,1,1,2,2,1,1,1,1,1,1,2,2,2,1,2,2,2,1,1,2,1,2,2,2,2,2,1,1,2,2,1,1,2,1,2,2,2,1,1,1,1,3,2,2,2,3,3,4,4,3,3,2,3,3,4,3,3,3,3,3,3,3,3,3,3,3,2,4,3,4,2,2,3,2,2,3,3,4,3,2,2,4,3,3,3,3,3,3,3,3,3,1,2,2,2,2,4,3,2,2,2,3,4,4,2,3,4,4,4,5,2,2,2,2,3,4,4,3,2,2,2,4,4,4,4,2,3,5,2,3,3,4,2,5,4,2,2,1,1,1,1,1,1,1,1,1,1,1,1,3,1,1,1,1,2,2,"junior","white","male","20-21"
"99",2,1,2,2,2,2,1,2,1,2,1,1,2,2,1,2,1,1,2,2,1,1,1,1,1,2,1,1,1,1,2,2,1,2,1,2,1,1,1,2,2,1,1,2,1,2,1,1,1,1,1,1,1,2,1,1,1,1,1,1,2,1,1,2,2,1,2,1,2,2,2,2,2,1,1,1,1,1,1,1,1,1,3,3,3,3,2,2,3,3,1,2,1,2,2,3,3,2,1,2,1,3,3,2,3,3,2,2,2,1,2,3,3,3,3,3,3,2,1,1,2,2,2,2,2,3,3,2,3,3,2,3,3,3,3,2,3,3,3,3,2,2,3,5,4,3,4,4,5,4,5,4,4,5,4,5,2,2,2,3,4,4,4,4,5,2,1,1,3,5,5,1,3,1,5,3,2,2,4,3,3,4,3,2,2,3,3,3,3,3,3,3,3,2,4,3,4,NA,"white","female","20-21"
"100",2,1,2,2,2,1,1,2,1,2,1,1,2,2,1,1,1,1,2,1,2,1,2,2,1,1,2,1,1,1,2,2,1,1,1,2,1,1,1,2,2,1,1,2,2,2,1,1,1,1,2,1,1,2,1,1,1,1,1,1,2,2,2,1,1,1,1,1,2,2,1,1,2,1,2,1,2,1,2,1,1,1,3,1,2,2,3,3,4,3,1,3,2,1,2,3,3,2,2,2,3,4,4,3,3,1,3,2,2,3,3,2,2,2,2,3,2,3,3,2,2,1,2,2,2,3,2,3,2,2,3,3,2,3,3,1,3,3,2,2,2,2,5,5,5,4,5,3,4,4,5,4,3,4,5,4,2,2,3,2,2,4,4,4,4,5,2,5,4,4,5,5,4,3,5,5,1,2,1,1,1,1,2,1,1,1,1,1,1,1,1,1,2,1,3,4,5,"freshmen","white","male","18-19"
"101",2,1,2,2,2,1,1,2,1,1,1,1,2,1,1,2,1,2,2,1,2,1,2,2,1,1,2,1,2,1,1,1,2,1,1,2,2,2,1,2,2,1,1,1,1,2,1,1,2,2,2,2,1,2,1,1,2,2,1,2,2,2,1,2,1,1,1,1,2,2,1,1,2,2,2,1,1,2,2,1,1,2,3,2,3,3,3,2,3,2,1,3,3,1,2,3,3,2,2,1,3,3,3,3,3,2,3,1,2,3,1,3,1,3,2,3,3,2,4,3,1,3,3,2,1,3,3,4,3,2,2,3,4,3,3,2,3,2,3,2,2,2,4,4,3,3,2,3,3,4,5,4,3,3,2,3,2,3,3,2,2,3,4,4,4,5,2,2,4,2,2,2,4,2,4,3,1,1,3,2,1,2,2,2,1,3,1,2,2,1,3,1,2,2,2,2,4,"freshmen","white","male","18-19"
"102",2,1,1,2,2,1,1,2,1,2,1,1,1,2,1,2,1,1,2,2,2,2,2,2,1,1,2,1,1,1,2,2,1,1,2,2,2,1,1,2,2,1,1,2,2,2,1,1,2,1,1,1,1,2,1,2,2,1,1,1,2,2,2,2,2,2,2,1,2,2,1,2,2,2,2,2,2,2,2,1,1,2,3,1,1,2,3,3,4,3,1,3,3,2,2,4,4,1,4,2,3,3,4,3,4,3,2,1,2,2,3,2,3,3,2,3,3,2,3,2,1,3,4,3,3,3,3,3,2,1,3,3,3,2,3,3,3,2,2,2,2,1,4,5,5,4,4,5,5,5,4,4,4,5,5,4,2,3,4,3,2,4,5,5,5,4,4,4,5,5,3,2,3,1,5,5,3,2,1,1,1,3,2,1,1,1,1,1,1,1,3,1,1,1,1,2,5,"sophomore","white","female","20-21"
"103",1,1,1,2,2,1,1,2,1,2,1,1,1,1,1,1,1,1,2,2,2,2,2,2,1,1,2,1,1,1,2,2,1,2,1,2,2,1,1,2,1,1,1,2,2,2,1,1,1,1,2,2,1,1,1,1,2,2,1,2,2,1,2,2,2,1,2,2,2,2,2,1,2,1,1,2,2,2,1,1,1,1,3,2,3,3,3,4,4,3,2,3,3,3,1,4,3,2,2,2,2,3,3,3,3,3,2,1,2,3,4,2,3,3,2,3,3,3,3,2,2,2,4,2,3,3,3,3,3,2,3,3,3,4,3,1,3,2,3,2,3,2,4,5,4,3,3,4,5,3,4,3,3,3,3,3,2,2,3,3,3,4,4,4,4,4,2,4,4,3,4,2,3,3,4,3,2,3,1,1,1,3,2,2,1,2,1,2,2,2,2,2,2,1,2,3,3,"freshmen","white","female","18-19"
"104",2,1,2,2,2,1,1,2,1,2,1,2,1,2,1,1,1,1,2,1,1,2,2,2,1,2,2,1,2,2,2,2,1,2,1,2,1,1,1,1,1,1,1,1,1,2,1,1,1,1,2,1,1,1,1,1,1,1,1,1,2,1,2,2,1,1,2,1,2,2,1,1,2,1,1,1,1,1,1,1,1,1,3,1,2,1,3,2,2,2,2,3,2,1,1,2,3,2,3,3,3,3,3,4,3,2,2,1,2,3,3,3,2,3,3,3,3,3,3,2,1,2,3,1,2,3,3,3,2,2,3,3,2,2,4,3,4,2,2,1,2,1,4,4,5,4,3,4,5,4,5,3,3,4,5,5,1,1,3,2,3,3,4,3,4,5,4,4,5,2,4,2,3,2,5,4,2,3,2,1,1,1,1,1,1,1,1,1,1,1,2,1,1,1,2,3,3,"sophomore","asian","female","18-19"
"105",1,1,2,1,2,2,1,2,1,2,1,1,1,2,1,2,1,1,2,1,1,1,2,1,1,2,2,1,1,1,2,1,1,2,1,1,1,1,1,2,2,1,1,2,2,1,1,1,1,1,1,2,2,2,1,1,1,2,1,1,2,2,2,2,1,2,1,1,1,2,2,2,2,1,2,1,1,1,1,1,1,1,3,2,3,2,3,3,4,3,3,4,3,2,3,3,3,2,2,1,3,3,3,3,4,4,2,1,3,3,3,3,3,3,4,3,3,4,3,1,1,4,4,4,1,4,4,3,3,3,3,3,4,4,4,1,3,1,3,1,2,1,4,5,5,3,2,4,5,4,4,2,3,3,3,4,4,5,4,4,3,3,5,5,5,4,3,3,5,3,3,3,3,2,5,5,3,3,2,1,1,2,1,2,1,1,1,1,1,2,1,3,1,1,1,2,3,"senior","hispanic","female","20-21"
"106",1,2,1,2,2,2,2,2,1,2,1,1,2,2,1,2,1,1,2,1,1,2,2,2,1,1,2,1,1,1,1,2,2,1,1,2,2,1,1,2,2,1,1,1,2,2,1,1,2,1,1,1,2,1,1,1,1,2,1,1,2,2,2,2,1,2,1,1,2,2,2,1,2,1,1,1,1,1,1,1,1,2,3,1,1,1,3,3,3,3,1,4,1,1,1,4,4,3,2,2,1,2,4,3,4,3,3,2,3,4,4,1,1,1,1,2,2,3,3,1,1,1,4,1,1,4,3,4,3,2,4,3,1,3,3,3,2,3,2,1,3,2,3,4,4,2,4,4,4,4,3,3,4,5,3,4,4,5,3,4,4,4,4,4,5,1,1,2,3,2,5,3,3,3,4,5,2,2,3,3,2,2,2,2,2,3,2,1,2,3,2,3,2,2,1,2,2,"sophomore","black","female","18-19"
"107",1,1,1,2,2,2,1,2,1,2,2,2,2,2,1,1,1,2,2,2,2,2,2,2,1,1,2,1,2,1,2,1,2,1,1,2,2,2,1,2,1,1,2,2,2,2,2,1,2,2,2,2,2,1,1,2,1,1,2,2,2,2,2,2,2,2,2,1,2,2,2,2,2,1,2,1,2,2,2,1,1,1,3,2,3,3,4,3,4,3,2,4,4,3,3,4,4,3,2,3,3,3,4,4,3,3,3,2,3,2,3,3,3,3,3,4,2,2,4,4,3,2,4,3,2,3,3,4,3,3,4,3,1,3,3,4,2,3,4,2,2,2,4,4,4,3,2,4,4,4,5,2,2,2,4,4,2,2,2,3,2,4,4,4,3,5,5,5,5,5,5,5,5,4,5,5,5,5,2,1,1,2,1,2,1,1,1,1,1,1,2,1,1,1,3,2,3,"sophomore","biracial","female","20-21"
"108",2,1,2,2,2,1,2,2,1,2,1,1,1,2,1,1,1,1,2,1,2,2,2,1,1,1,2,1,1,1,2,1,2,1,2,2,1,1,1,2,2,1,1,1,2,2,2,1,2,1,2,1,1,1,1,1,1,1,1,1,2,1,2,2,2,2,2,2,2,1,2,2,2,2,1,1,1,2,1,1,1,2,3,2,1,3,3,3,3,2,1,3,1,3,3,4,3,2,3,3,2,2,3,2,2,3,3,2,2,3,3,2,2,3,2,3,2,2,2,2,2,2,4,3,2,2,2,3,2,2,3,3,3,2,3,1,3,2,3,2,3,2,3,3,3,3,3,3,3,4,3,3,3,3,3,2,3,3,3,3,3,3,3,3,3,4,2,4,4,3,5,3,3,1,3,3,2,3,2,1,1,2,2,2,1,1,1,1,1,1,3,2,2,1,2,2,5,"sophomore","black","female","18-19"
"109",2,1,2,2,2,2,2,2,1,2,1,1,2,2,1,1,2,1,2,1,1,2,2,2,1,1,2,1,1,1,2,2,1,1,1,1,2,1,1,1,2,1,1,1,1,2,2,2,2,2,2,1,2,1,1,2,2,1,2,2,2,1,2,2,1,2,2,2,2,2,2,2,2,2,1,2,2,2,1,1,1,2,2,3,3,3,2,2,3,4,3,2,1,2,3,2,3,3,2,4,3,2,4,3,4,3,2,2,2,3,3,2,2,3,4,2,3,3,3,2,2,3,2,2,2,2,3,3,3,2,3,3,2,4,3,1,3,2,3,1,2,2,3,5,3,2,2,3,4,4,4,2,3,3,3,4,4,4,3,4,1,5,5,4,5,1,1,4,4,1,3,3,4,1,4,4,2,3,2,1,1,3,2,1,1,2,1,1,1,1,1,2,1,1,1,2,2,"sophomore","hispanic","female","18-19"
"110",2,1,1,2,2,1,2,2,1,2,1,1,1,2,1,2,1,1,2,1,2,2,2,1,1,1,2,1,2,1,1,2,2,2,2,2,1,2,1,2,1,1,1,1,2,2,2,1,2,1,2,1,2,1,1,1,2,2,2,1,2,2,2,2,1,2,2,2,2,2,2,2,2,2,1,2,2,2,1,1,1,1,4,1,3,2,3,4,4,3,3,4,4,1,1,4,4,1,3,4,3,3,2,3,4,3,3,2,3,4,3,4,2,3,3,2,3,3,3,3,2,2,4,4,2,3,3,2,4,3,3,3,2,4,3,1,3,1,1,1,2,1,3,4,3,4,2,3,5,4,2,3,4,4,3,3,5,4,3,4,2,3,5,5,5,4,4,3,5,2,3,2,3,2,2,2,2,3,3,3,1,3,2,2,2,1,3,1,1,1,3,2,2,2,1,4,5,"junior","white","female","20-21"
"111",1,1,1,2,2,2,2,2,1,2,1,1,1,2,1,1,1,1,2,1,2,2,2,1,1,1,1,1,1,1,2,1,1,1,1,1,1,1,1,2,2,1,1,1,1,2,1,1,2,2,2,1,1,2,2,1,1,2,1,1,2,1,2,1,1,1,2,1,2,1,1,2,1,1,1,1,1,2,1,1,1,1,3,2,3,3,3,3,3,2,2,3,3,2,2,3,3,2,3,3,3,3,3,3,3,3,3,2,3,3,3,2,2,3,2,2,2,3,3,2,3,3,3,2,2,3,3,3,3,2,3,3,2,3,3,3,3,2,2,2,2,2,3,4,3,3,3,3,4,4,4,4,4,4,4,3,3,3,3,4,3,3,4,4,4,4,2,4,4,3,3,3,3,4,4,3,2,3,3,2,1,2,2,2,1,2,1,1,1,1,3,1,2,2,1,2,2,"senior","white","female","22-25"
"112",2,1,1,2,2,1,1,2,1,2,1,1,1,2,1,2,1,1,2,1,1,1,2,2,1,1,2,1,1,1,1,2,1,2,2,2,2,2,1,1,1,1,1,1,1,2,1,1,2,1,2,1,1,2,1,2,1,1,1,1,2,1,2,2,1,1,2,1,2,2,2,2,2,2,2,1,2,1,1,1,1,1,3,1,2,2,3,4,4,3,1,3,3,1,1,3,3,2,1,2,2,3,3,3,3,3,2,2,3,1,3,2,1,3,2,1,2,3,1,1,1,2,4,1,1,1,3,3,2,2,2,4,2,4,3,3,3,3,3,2,1,1,5,5,5,5,4,5,5,5,5,5,5,5,5,5,3,3,4,4,2,3,5,5,5,4,3,4,4,5,4,3,3,3,4,3,3,3,2,3,1,2,1,2,2,2,1,1,2,1,2,2,2,1,4,4,4,"freshmen","white","female","18-19"
"113",2,1,1,2,2,2,2,2,1,2,1,2,2,2,1,1,1,1,2,1,1,2,2,2,1,1,2,1,1,1,2,2,1,2,1,2,1,1,1,2,2,1,1,1,1,2,1,1,1,1,2,1,1,2,1,1,1,1,1,1,2,1,2,2,1,1,1,1,2,2,2,1,2,1,1,2,1,2,1,1,1,1,3,2,3,3,3,3,3,4,2,3,2,2,2,4,3,2,3,3,3,3,2,4,4,3,4,2,3,3,3,3,2,3,2,2,2,2,3,3,2,2,4,1,1,4,3,2,3,2,3,4,3,3,3,3,3,2,2,2,3,2,4,4,3,3,2,5,3,3,4,3,3,3,4,2,1,2,2,2,1,3,4,4,4,4,3,3,3,2,2,4,3,2,5,3,3,3,2,3,1,2,2,2,4,3,1,2,2,1,1,3,2,2,2,3,5,"freshmen","biracial","male","18-19"
"114",2,1,2,2,2,2,2,2,1,2,1,1,2,1,1,2,1,1,2,2,2,2,2,2,2,2,2,2,2,1,1,2,2,2,2,2,1,2,1,2,2,1,1,2,2,2,1,1,2,1,2,2,2,2,1,1,1,2,1,1,2,1,2,2,1,1,1,1,1,1,1,1,2,1,1,1,2,1,1,1,NA,NA,3,3,2,3,4,4,4,3,2,4,3,3,3,4,4,3,3,3,3,3,3,3,3,2,4,2,3,3,3,2,2,3,3,3,3,3,3,3,3,3,4,2,2,3,3,3,3,3,3,3,3,4,3,3,3,3,3,2,2,2,3,3,2,2,2,3,4,3,3,2,2,3,3,3,1,2,3,2,2,3,3,3,4,2,1,3,4,2,3,3,4,2,5,5,4,4,1,3,1,3,2,1,1,3,1,3,1,1,3,1,2,2,4,4,4,"junior","white","male","20-21"
"115",2,1,1,2,2,1,2,2,1,2,1,1,2,2,1,1,1,1,2,2,2,2,2,1,1,1,1,1,1,1,1,1,2,1,1,2,2,1,1,1,2,1,1,1,1,2,2,2,2,1,2,1,2,1,1,1,1,1,1,1,2,1,2,2,1,2,2,2,2,2,1,2,2,2,2,1,2,2,1,1,1,2,3,3,3,3,2,3,3,3,3,3,3,3,3,3,2,3,2,4,3,3,4,3,4,3,1,1,3,2,3,4,3,4,1,4,3,3,1,2,3,3,2,4,3,2,4,2,3,3,2,3,1,3,1,3,4,3,3,3,2,2,3,4,2,3,2,5,4,3,3,3,2,3,4,2,3,4,3,3,2,4,2,1,2,4,1,3,5,2,5,4,2,3,1,4,3,3,3,1,1,1,1,1,1,1,1,1,1,1,1,1,1,1,1,5,5,"junior","black","female","20-21"
"116",1,1,1,2,2,1,2,2,1,2,1,1,1,2,2,1,1,2,2,1,2,2,2,2,1,1,1,1,1,1,1,2,2,1,1,2,1,1,1,2,2,1,1,2,2,1,1,1,1,1,2,1,2,2,1,1,1,1,1,1,2,2,2,2,1,1,1,1,1,2,2,1,2,1,1,1,2,1,1,1,1,1,3,2,2,2,4,3,3,3,3,4,2,3,2,3,3,3,3,2,3,4,3,3,3,1,4,3,2,2,2,3,2,3,3,4,3,3,2,2,2,3,4,2,2,3,3,3,3,2,2,2,3,3,2,2,3,3,2,3,3,3,3,4,4,2,3,2,4,3,5,5,5,5,5,3,3,3,3,3,2,3,4,4,3,3,1,4,4,4,3,2,3,2,2,3,2,2,2,1,1,2,2,2,2,2,3,1,1,1,1,1,1,2,2,2,4,"junior","white","female","20-21"
"117",2,1,2,2,2,2,2,2,1,2,1,1,2,2,1,2,1,1,2,1,2,2,2,2,1,1,2,1,2,1,1,2,1,2,2,2,2,2,1,2,2,1,1,2,2,2,1,1,2,1,1,1,1,1,1,1,1,2,1,1,2,1,2,2,1,1,2,2,2,2,2,2,2,2,1,2,2,2,2,1,1,1,4,2,3,2,3,3,4,3,2,3,3,2,2,3,4,1,3,4,3,4,4,4,3,3,2,3,2,3,4,2,2,3,4,3,3,3,2,2,3,3,4,1,2,4,3,3,2,2,4,1,3,4,3,2,3,1,2,3,2,2,2,4,4,5,1,4,4,2,4,2,1,1,1,2,1,2,2,3,1,2,4,4,4,5,3,3,5,4,4,5,4,1,5,5,4,5,1,2,2,3,2,2,3,3,3,2,2,1,1,1,2,1,1,2,4,"sophomore","white","female","20-21"
"118",2,1,2,2,2,2,2,2,1,2,1,1,2,2,1,2,2,1,2,2,1,2,2,2,1,2,2,1,1,2,2,2,2,1,1,2,1,1,2,2,2,1,1,2,2,2,2,2,2,1,2,1,2,2,1,1,1,2,1,1,2,2,2,1,2,2,2,2,2,2,1,1,1,2,2,1,2,2,1,1,1,1,3,1,3,3,3,2,3,3,2,3,2,2,2,4,4,1,2,3,3,3,3,3,3,4,2,2,3,3,4,2,2,3,3,2,4,3,3,1,1,4,3,1,2,4,4,2,2,2,2,4,2,4,4,3,4,2,2,3,3,3,3,5,3,2,2,4,4,4,4,2,3,3,3,3,5,5,4,5,3,5,5,5,5,4,2,4,3,2,5,2,3,1,4,4,2,1,2,3,1,2,2,3,1,2,1,1,2,1,2,2,2,1,2,2,5,"sophomore","black","female","18-19"
"119",2,1,1,2,2,1,2,2,1,2,1,1,2,2,1,2,1,1,2,1,2,2,2,2,1,2,1,1,1,1,1,2,2,2,1,2,2,1,2,2,2,1,1,2,2,2,2,2,2,2,1,2,2,2,1,2,1,2,1,2,2,2,1,2,2,2,1,2,2,1,1,2,2,2,2,2,2,2,1,1,1,2,3,2,2,4,3,4,4,2,3,3,3,2,2,3,3,3,1,3,2,2,4,1,3,4,2,1,2,1,1,4,1,3,3,3,2,4,1,2,2,1,4,2,2,2,3,4,1,2,3,2,2,4,3,2,1,3,3,1,3,3,2,3,3,3,1,2,5,3,3,2,4,2,1,1,1,1,2,1,1,3,4,4,4,3,3,4,2,2,1,4,1,4,4,1,3,3,3,1,2,3,2,3,3,2,2,3,2,2,2,4,2,2,4,2,5,"junior","white","female","20-21"
"120",1,1,2,2,2,1,2,2,1,2,1,1,1,2,1,2,1,2,2,1,2,2,1,1,1,1,2,1,1,1,1,2,2,1,2,2,1,1,1,2,2,1,1,2,1,1,1,2,2,2,1,2,2,2,1,2,1,2,1,1,2,2,2,1,1,2,2,1,2,2,1,1,2,1,1,1,2,2,1,1,1,1,4,1,2,2,4,3,4,2,2,3,3,1,2,4,4,1,2,1,2,4,3,4,4,3,3,1,2,3,3,3,3,3,3,4,2,3,4,3,1,3,4,2,1,4,3,3,3,1,2,3,4,3,3,2,3,2,1,2,2,2,5,5,5,5,2,5,4,4,4,4,4,4,3,4,2,3,3,4,1,2,5,5,5,5,4,3,5,4,4,3,4,4,5,5,3,2,3,2,1,3,3,2,3,1,1,2,2,1,2,2,2,2,4,3,5,"senior","white","female","20-21"
"121",1,1,1,2,2,1,2,2,1,1,1,2,1,1,1,1,1,1,2,2,2,2,2,NA,NA,NA,2,NA,NA,NA,NA,NA,NA,NA,NA,2,NA,NA,NA,NA,NA,NA,NA,NA,2,2,NA,NA,NA,NA,2,NA,NA,2,NA,NA,NA,NA,NA,NA,2,NA,NA,NA,NA,NA,2,NA,2,2,NA,NA,NA,NA,NA,2,NA,NA,NA,NA,3,NA,3,2,2,3,3,4,3,3,3,3,3,3,3,3,3,3,3,3,3,3,3,3,3,3,4,3,3,3,3,3,3,3,3,3,3,3,3,3,2,3,3,3,3,3,3,3,3,3,3,3,3,3,3,3,3,3,3,3,1,1,3,4,2,2,2,3,3,3,4,2,2,3,4,5,3,2,3,3,2,3,4,3,4,2,1,1,5,1,5,1,5,3,3,3,3,3,3,3,1,3,3,3,1,2,2,2,2,2,2,1,3,3,1,2,2,"sophomore","black","female","18-19"
"122",2,2,2,1,2,2,2,2,1,2,1,2,2,2,2,2,2,2,2,2,2,2,1,2,1,2,2,1,2,1,2,2,1,2,2,2,2,2,1,2,1,2,1,2,2,2,1,1,1,2,2,1,2,2,1,1,1,1,1,1,2,2,2,2,2,2,2,1,2,2,2,2,2,1,2,1,1,1,1,1,1,1,3,1,2,3,4,3,4,2,2,3,3,2,2,3,3,1,3,4,2,4,3,3,3,2,3,3,3,2,2,2,2,2,2,4,3,3,3,2,2,2,4,2,3,3,3,3,3,1,3,4,4,3,3,3,2,3,3,2,2,2,4,4,3,3,3,4,4,4,5,3,4,3,4,4,2,2,3,2,3,3,5,5,5,5,4,4,5,3,4,4,4,3,5,5,4,4,2,2,1,2,3,2,1,2,2,3,2,2,2,3,2,2,2,2,2,"senior","white","female","20-21"
"123",2,1,2,2,2,1,2,2,2,2,1,2,2,2,1,2,2,2,2,2,2,2,2,2,1,2,2,1,1,2,2,2,2,1,2,2,2,2,2,1,2,2,1,2,1,2,2,2,1,2,2,1,2,1,2,1,1,2,1,1,2,1,2,2,1,2,2,2,2,2,2,1,2,2,1,1,2,2,2,1,1,2,3,3,2,2,4,1,3,3,2,2,3,3,3,4,4,3,1,3,1,2,4,4,1,3,1,3,3,1,3,1,2,3,3,2,3,4,1,1,NA,4,4,3,4,3,3,3,3,4,4,2,2,3,2,1,3,3,5,5,4,4,5,5,5,5,5,5,5,5,5,5,5,5,5,4,4,3,1,3,3,4,3,4,4,5,5,5,2,5,5,3,3,3,5,5,2,2,2,3,1,2,1,2,1,3,1,1,1,1,1,1,2,2,3,2,3,"sophomore","black","female","18-19"
"124",2,1,1,2,2,2,2,2,1,2,1,1,2,2,1,2,1,1,2,1,1,1,2,2,1,2,2,1,1,1,1,2,2,2,1,2,1,1,1,1,2,1,2,2,1,2,2,1,1,2,2,1,2,1,1,1,1,2,1,1,2,1,2,2,1,1,1,2,2,2,2,2,2,1,2,1,1,2,1,1,1,1,4,2,2,2,3,4,3,3,2,4,2,1,1,4,4,3,3,2,1,3,3,4,4,3,2,3,3,2,3,4,1,3,3,3,2,2,2,2,1,3,4,1,1,3,3,1,3,1,3,3,2,3,3,2,3,1,2,2,2,1,3,4,4,2,1,5,5,4,4,2,2,1,3,2,2,2,2,4,2,4,4,3,3,2,3,3,3,2,5,1,4,1,5,5,1,2,2,1,2,3,2,1,1,2,1,1,1,2,3,1,2,1,2,3,3,"freshmen","black","female","18-19"
"125",1,1,1,2,1,2,2,2,1,1,1,1,1,2,1,1,1,1,2,2,2,2,2,2,1,2,2,1,2,1,1,2,1,1,2,2,1,2,1,2,1,1,2,1,2,2,1,2,2,1,2,1,2,1,1,1,2,2,1,1,1,2,2,1,2,2,1,1,2,2,1,1,2,2,1,1,1,2,1,1,1,1,3,2,3,3,3,4,4,4,4,3,2,2,2,4,4,2,3,3,3,3,4,3,4,3,2,2,2,3,4,3,3,3,4,4,3,3,4,3,3,3,4,2,3,3,4,3,3,2,3,3,1,3,4,3,3,2,3,2,2,2,4,5,4,3,3,5,5,5,5,4,4,4,3,4,4,5,5,4,5,5,5,5,4,1,3,4,5,5,5,3,5,2,4,5,4,4,2,3,1,1,2,1,1,2,1,1,1,1,1,1,1,1,1,2,2,"sophomore","black","female","20-21"
"126",2,1,1,2,2,2,2,2,1,2,1,2,2,2,2,2,1,2,2,2,1,1,2,2,2,1,2,2,1,1,2,1,2,2,2,2,1,1,1,2,2,1,1,2,1,2,1,1,2,2,1,1,2,2,1,1,2,2,1,1,2,1,2,2,1,2,2,1,2,2,1,2,2,1,2,1,1,1,1,1,1,1,2,2,2,3,2,3,4,2,1,2,4,1,1,2,3,1,2,2,3,3,3,3,3,1,3,1,1,2,3,2,3,2,2,3,2,1,2,3,2,2,3,2,1,4,4,3,1,1,3,2,3,4,3,1,2,3,2,2,3,2,3,5,5,4,3,3,4,4,3,5,5,5,5,5,1,2,4,3,2,2,3,3,3,1,1,1,4,2,5,1,4,4,2,2,2,1,2,1,1,1,1,3,1,3,1,1,1,1,3,1,1,1,2,2,2,"senior","asian","female","22-25"
"127",2,1,1,2,2,1,2,2,1,2,1,2,2,2,1,2,1,1,2,1,2,2,2,1,1,1,2,1,1,1,1,2,1,1,1,2,1,1,1,2,2,1,1,2,1,2,1,1,2,2,1,1,2,2,1,1,1,1,1,1,1,2,2,2,1,1,1,1,2,2,2,2,2,1,2,2,2,1,1,1,1,2,2,2,3,3,3,3,2,3,3,3,3,2,2,3,3,2,3,3,3,3,3,3,2,3,3,2,2,2,3,3,2,2,2,3,2,2,2,2,2,3,3,3,2,3,2,3,3,2,2,3,3,4,3,2,3,3,2,2,3,3,4,4,4,3,4,4,5,5,5,4,4,4,4,4,3,4,4,4,3,4,4,4,4,5,3,4,4,4,2,2,3,3,5,4,2,3,3,3,2,4,3,3,2,3,3,3,3,4,3,3,3,2,3,4,3,"junior","white","female","31 and above"
"128",1,1,2,2,2,1,1,1,1,2,2,1,2,2,1,1,1,1,2,2,2,2,2,2,1,1,2,1,1,1,1,2,1,1,2,2,2,1,1,2,2,1,2,1,2,2,1,1,1,2,2,1,1,1,2,1,1,1,1,1,2,2,2,2,1,1,2,1,2,2,1,1,2,2,1,1,2,2,1,1,1,2,3,1,2,2,4,4,3,1,1,3,2,1,4,4,4,1,3,1,1,2,4,4,2,3,3,2,2,3,4,1,3,3,1,3,2,2,3,1,1,2,4,1,3,3,1,3,2,2,4,3,1,4,3,3,2,3,1,2,3,1,4,5,5,3,4,5,5,5,4,4,4,4,4,4,4,5,5,4,4,3,5,5,5,3,4,4,5,3,5,4,4,2,5,5,2,2,1,1,1,2,1,1,1,2,1,1,1,2,3,2,2,1,2,3,2,"sophomore","black","female","18-19"
"129",1,1,2,1,2,2,2,2,1,2,2,2,2,2,2,2,1,2,2,1,1,2,2,2,1,1,2,1,1,2,2,2,1,2,1,2,2,2,2,2,1,1,2,2,1,2,2,2,2,1,2,2,1,2,2,2,1,1,1,1,2,2,2,2,2,1,2,1,2,2,2,2,2,2,2,2,2,1,2,1,1,2,3,2,3,4,2,2,3,4,3,2,2,3,3,4,3,2,3,3,4,3,3,3,4,4,2,3,3,3,3,2,2,4,4,2,3,3,2,2,3,4,3,3,3,4,4,3,2,2,1,3,3,4,3,3,4,1,3,3,3,2,5,5,4,4,4,5,5,4,5,3,3,3,3,4,2,2,2,3,2,4,5,5,5,3,4,3,4,4,5,3,3,2,5,4,2,2,3,1,2,3,2,2,2,3,3,1,1,2,2,2,2,2,1,3,4,"senior","white","female","20-21"
"130",2,1,1,2,2,2,2,2,1,2,1,1,2,2,1,1,1,1,2,1,2,2,2,2,1,1,2,1,1,1,2,2,2,2,1,2,1,2,1,2,2,1,1,2,2,2,1,1,1,1,1,2,2,2,1,1,1,1,1,1,2,1,2,2,1,NA,NA,1,1,2,2,2,2,1,1,1,2,1,1,1,1,2,3,1,3,2,4,3,3,3,1,4,2,1,1,4,3,2,2,1,3,3,3,4,4,2,3,2,2,3,4,1,1,2,1,3,3,3,3,1,1,2,4,1,2,4,4,3,3,2,3,3,1,3,3,3,3,3,2,2,2,2,3,5,5,3,2,4,5,4,4,4,3,4,3,3,4,5,4,5,4,4,5,5,5,3,4,3,5,2,5,1,3,1,5,5,2,2,2,1,1,2,1,2,1,2,1,1,1,2,1,1,1,1,2,4,3,"freshmen","hispanic","female","18-19"
"131",2,1,2,2,2,2,1,1,1,1,1,2,1,2,1,2,1,1,1,2,2,2,2,2,1,1,2,1,1,1,2,2,1,1,1,2,2,1,1,2,2,1,2,1,2,1,1,1,2,2,1,1,1,2,1,1,1,1,2,1,2,2,2,2,1,1,1,1,2,2,1,2,2,2,2,2,2,2,1,1,1,1,3,1,3,4,4,3,4,4,1,2,3,1,2,3,3,1,2,1,3,4,3,4,4,3,2,1,2,3,4,3,2,3,1,3,3,3,2,1,1,4,4,1,2,3,2,2,2,1,3,3,4,4,4,1,3,3,2,1,3,2,5,5,5,3,4,4,5,5,3,3,4,4,3,2,1,4,1,5,2,4,4,1,1,4,1,1,4,3,5,2,2,1,4,4,1,1,2,1,1,2,2,2,1,1,1,2,1,1,2,1,1,2,3,4,5,"freshmen","white","female","18-19"
"132",2,1,1,2,2,1,1,2,1,2,1,1,2,2,2,2,1,1,2,1,1,2,2,2,1,1,2,1,1,2,2,2,1,2,1,2,1,1,1,2,1,1,1,1,1,2,1,1,1,1,1,1,1,1,1,1,1,1,1,1,2,2,2,2,2,1,2,1,2,1,2,1,2,1,2,1,1,1,1,1,1,1,3,2,3,3,3,3,2,4,3,3,2,2,2,3,3,2,2,2,3,3,3,3,3,4,2,2,3,3,3,3,3,3,3,3,3,3,3,3,3,3,3,2,3,3,3,3,3,3,3,3,3,3,3,3,4,3,3,3,3,3,3,4,3,2,3,5,4,4,3,3,3,3,3,3,3,3,3,3,2,4,4,4,4,4,2,4,4,3,3,3,3,3,5,5,3,3,2,1,1,2,2,2,1,1,1,1,1,1,2,1,1,1,2,3,4,"sophomore","asian","female","20-21"
"133",1,1,1,2,1,1,2,2,1,1,1,1,1,1,1,1,1,1,2,1,2,2,1,2,1,1,1,1,1,1,1,1,2,1,1,2,1,1,1,1,2,1,1,1,2,2,1,1,1,1,1,1,1,2,1,1,1,1,1,1,2,1,2,2,1,1,1,1,2,2,1,1,2,1,1,1,1,1,1,1,1,1,3,2,3,2,3,3,4,2,2,3,2,2,2,3,3,2,3,1,3,3,3,3,3,2,2,1,2,2,4,2,2,3,2,3,2,2,2,3,2,2,3,2,2,3,3,3,2,2,3,3,2,3,2,2,2,2,2,2,2,1,4,4,3,4,3,4,4,3,4,4,4,5,5,4,3,3,4,3,3,2,5,5,4,2,4,3,3,3,4,4,3,1,2,2,2,1,2,4,1,2,1,2,3,3,2,1,2,1,3,2,2,1,4,4,5,"freshmen","asian","male","18-19"
"134",1,1,1,2,2,1,2,2,1,2,1,1,2,2,1,1,1,1,2,1,1,2,2,1,1,1,2,1,1,1,1,1,2,2,1,2,1,1,1,1,2,1,1,1,2,2,1,1,1,1,1,1,1,1,1,1,1,1,1,1,2,1,1,2,1,2,1,1,1,2,2,1,2,1,1,1,1,1,1,1,1,2,3,2,3,3,3,3,4,2,1,3,2,3,2,3,4,3,3,3,1,4,3,1,2,2,3,1,2,4,2,3,2,4,1,1,3,2,3,2,1,1,4,3,1,1,3,3,3,3,3,3,3,4,4,1,4,4,3,2,2,2,4,4,3,2,2,3,2,2,2,3,3,3,4,4,1,2,3,3,1,3,3,3,3,1,1,1,3,1,3,1,4,1,2,2,1,1,3,3,2,3,3,3,2,3,2,2,1,1,1,3,3,2,2,4,5,"sophomore","white","female","18-19"
"135",1,1,1,1,2,2,2,2,1,2,1,1,1,2,2,1,1,2,2,2,1,2,2,2,1,2,2,2,1,1,1,1,2,1,2,2,2,2,1,2,2,1,2,2,2,2,1,1,1,2,1,1,2,2,2,1,1,2,1,1,2,2,2,2,1,2,1,1,2,2,2,2,2,1,2,1,2,1,1,1,1,2,4,2,2,2,4,3,4,3,2,4,3,2,2,4,3,1,3,2,3,3,3,3,3,2,3,2,3,3,3,2,2,3,1,2,2,3,3,3,1,2,4,1,1,3,4,3,2,1,3,4,2,3,3,3,3,2,2,1,3,2,2,4,1,2,2,3,3,2,3,4,3,3,2,4,2,2,3,5,1,4,5,5,5,3,2,2,4,4,5,2,3,1,5,5,2,3,2,3,1,2,2,1,1,2,1,1,2,1,1,1,1,1,3,4,4,"senior","white","female","22-25"
"136",1,1,1,2,2,1,2,2,1,2,1,1,1,2,1,2,1,1,2,1,1,2,1,2,1,2,2,1,1,1,1,2,2,1,1,2,1,1,1,1,2,1,1,2,2,2,1,1,1,1,2,1,1,1,1,1,1,1,1,1,2,2,2,2,1,1,1,1,1,2,1,1,1,2,1,1,1,2,1,1,1,2,3,4,2,4,4,4,4,3,2,4,1,3,3,4,3,4,2,3,2,2,4,3,2,3,2,2,3,2,2,2,2,3,2,2,2,3,4,2,2,2,4,2,1,3,3,3,4,4,3,3,3,3,2,2,3,3,3,2,2,2,2,4,2,2,2,4,3,2,2,2,2,2,2,2,2,2,3,2,2,3,4,3,4,3,2,2,4,2,4,2,2,2,5,5,2,2,2,3,1,3,2,2,1,3,3,2,2,1,3,3,2,2,3,3,4,"sophomore","white","female","20-21"
"137",2,1,1,2,2,1,2,2,1,2,1,2,2,2,2,2,2,2,2,1,2,2,2,2,1,2,2,1,1,2,2,2,2,1,2,1,2,1,2,1,2,1,2,2,2,1,1,2,2,2,1,2,1,2,2,1,2,1,2,1,1,2,2,2,1,2,2,1,2,2,2,2,2,1,2,2,2,1,1,1,1,2,3,1,3,3,4,3,4,2,2,4,3,2,2,2,4,2,4,3,4,4,3,4,4,3,3,2,3,3,3,2,3,2,3,4,2,3,4,2,2,3,4,3,2,4,3,3,4,3,4,2,4,4,4,3,3,2,2,2,3,2,5,5,4,4,3,5,5,4,5,3,4,4,4,4,1,1,3,2,1,3,5,5,5,2,4,4,4,5,5,3,4,2,5,5,3,3,1,1,1,2,2,1,1,2,1,1,1,1,2,1,2,1,1,3,4,"senior","white","female","22-25"
"138",1,1,2,1,2,1,2,2,1,2,1,1,2,2,1,1,1,1,2,1,2,2,1,2,1,1,2,1,1,1,1,2,1,1,2,1,1,1,1,2,2,1,1,2,2,1,1,1,2,1,1,1,1,2,1,1,2,2,1,1,2,1,2,2,1,1,1,1,1,2,1,2,1,2,2,1,1,1,1,1,1,2,2,2,3,3,3,3,3,3,2,3,3,2,3,3,3,2,2,2,3,3,3,3,3,3,3,3,3,3,3,2,2,4,2,2,3,2,3,2,2,3,3,2,2,3,3,3,3,2,3,3,2,3,4,3,3,3,3,2,2,2,3,4,4,3,3,4,4,4,4,4,4,4,3,3,4,4,4,4,2,3,3,3,3,4,3,4,4,3,5,3,4,2,5,5,2,3,2,1,1,2,2,2,1,2,1,1,1,1,2,1,2,2,3,3,5,"senior","white","female","22-25"
"139",2,1,1,2,2,1,2,2,1,2,1,2,2,2,1,2,1,1,2,1,2,2,2,1,1,1,1,1,1,1,1,1,2,1,2,2,1,1,1,2,1,1,2,1,2,2,2,1,1,1,1,1,1,1,1,1,1,2,1,1,2,2,2,2,1,2,2,1,2,2,2,2,1,2,2,2,2,2,2,2,2,2,3,1,4,3,3,4,3,3,1,4,3,3,4,4,4,1,4,3,3,4,4,4,4,3,3,2,3,3,4,2,3,3,3,4,3,3,3,2,2,3,4,1,3,4,3,4,3,1,3,4,1,3,3,4,3,3,3,2,3,2,4,4,3,4,4,5,4,4,5,4,4,4,4,4,5,5,4,5,5,5,5,4,5,5,1,1,3,5,5,5,3,1,4,4,1,3,3,3,1,2,2,2,1,1,1,1,1,2,3,3,1,1,3,2,2,"freshmen","black","female","18-19"
"140",1,1,1,2,2,1,2,2,1,2,1,2,2,1,1,2,1,1,2,2,2,1,2,2,1,1,1,2,2,1,1,2,2,1,2,2,1,1,1,2,2,1,1,2,2,2,1,2,2,2,1,1,1,2,1,1,2,1,1,2,2,2,2,2,1,2,2,1,2,2,2,2,2,1,2,1,1,1,1,1,1,1,NA,4,1,2,3,4,3,3,1,3,3,2,2,3,4,2,3,3,2,4,3,4,3,2,4,2,2,2,2,3,2,2,2,3,2,2,4,4,2,2,4,2,2,4,2,3,2,1,3,2,3,4,3,3,3,3,2,2,3,3,5,5,4,5,4,3,4,4,5,4,3,4,4,3,4,4,4,4,4,4,4,3,4,4,4,4,4,5,2,4,4,4,5,5,4,2,2,1,1,1,1,1,1,1,1,1,1,1,1,1,2,1,3,4,4,"senior","white","male","31 and above"
"141",2,1,2,2,2,1,2,2,1,2,1,2,2,2,1,2,1,1,2,1,1,2,2,1,1,1,1,1,2,2,2,2,2,1,1,2,1,2,1,1,2,1,1,2,1,1,2,1,2,2,2,2,1,2,1,1,2,1,1,1,1,2,1,2,2,2,2,1,2,2,2,1,2,1,2,1,1,1,1,1,1,2,2,2,3,3,4,4,4,3,3,3,4,2,2,3,3,2,3,3,3,3,3,3,2,3,2,2,2,2,3,3,3,3,2,2,2,3,2,2,2,3,3,2,2,2,4,3,2,3,2,3,1,4,3,2,3,2,2,3,2,2,3,4,2,3,3,4,4,4,5,4,4,4,4,3,3,4,4,3,3,3,4,3,3,3,3,3,4,4,2,2,3,1,5,5,2,3,2,3,4,2,2,2,2,2,2,2,1,2,1,2,2,1,4,4,5,"junior","white","female","20-21"
"142",1,1,1,2,2,1,2,2,1,2,2,2,2,2,1,1,1,1,2,1,2,2,2,2,1,1,2,1,1,1,1,2,2,2,1,2,1,1,1,1,2,1,1,2,1,2,2,1,1,1,2,1,1,2,1,1,1,2,1,1,2,1,2,2,1,2,2,1,2,2,2,1,2,1,2,1,1,1,1,1,1,1,3,2,3,3,3,2,2,3,2,3,2,1,1,4,4,2,2,3,3,4,4,4,4,3,3,2,3,2,3,3,3,2,3,4,2,2,3,2,2,2,4,3,2,4,3,3,3,2,3,2,1,2,3,2,3,3,2,1,3,3,4,5,3,4,4,5,5,5,5,3,3,3,3,3,4,5,3,4,5,5,5,4,5,3,4,4,5,4,5,3,3,3,4,4,2,2,1,1,1,2,2,1,1,1,1,1,1,1,1,1,1,1,1,2,5,"freshmen","black","female","18-19"
"143",2,1,1,2,2,1,1,2,1,2,1,2,2,2,1,2,1,1,2,1,2,2,2,1,1,1,2,1,2,1,1,2,1,1,2,2,1,1,1,2,1,1,1,2,2,2,2,1,2,1,1,2,2,2,1,1,1,2,1,1,2,1,2,1,1,NA,NA,1,2,2,1,2,2,2,2,1,2,2,1,1,1,1,3,2,3,3,4,3,2,3,3,3,4,3,1,3,4,1,3,4,2,3,3,4,4,3,3,3,3,3,2,3,2,3,3,3,3,3,3,1,2,2,4,1,2,3,2,3,3,2,3,1,2,3,3,3,3,3,1,2,3,2,4,3,5,3,2,2,2,3,4,3,3,3,2,3,2,3,2,3,3,2,4,3,4,5,4,4,4,3,4,4,4,4,5,4,3,4,1,1,1,2,2,2,1,1,1,1,2,1,1,1,1,1,3,4,2,"junior","hispanic","female","20-21"
"144",2,1,2,2,2,1,2,2,1,1,1,1,1,1,1,1,1,1,2,1,2,1,1,2,1,2,2,1,1,1,1,2,2,2,1,2,1,1,1,1,2,1,2,2,1,2,2,1,2,2,1,2,1,1,1,1,1,1,1,2,2,1,2,2,1,1,2,1,2,2,1,2,2,1,1,2,1,2,1,1,1,2,3,1,3,4,3,2,2,2,1,3,3,2,1,3,3,2,2,3,3,3,4,3,3,2,4,2,3,3,2,3,4,2,1,3,1,1,3,3,3,2,2,2,2,4,3,3,3,2,3,3,3,4,3,2,2,3,2,2,2,2,4,5,4,4,3,5,5,4,5,2,2,3,3,4,3,3,3,3,2,3,4,4,4,3,3,4,4,3,4,2,4,4,3,4,1,2,2,3,1,2,1,1,1,2,3,1,2,1,1,1,1,3,3,4,2,"freshmen","asian","male","18-19"
"145",1,1,1,1,2,1,2,2,1,2,1,1,2,2,1,2,1,1,2,2,2,1,2,2,1,1,2,1,1,1,1,2,2,1,1,2,1,2,1,2,2,1,1,2,2,2,2,1,2,2,1,1,1,2,2,1,1,2,1,1,2,1,2,2,2,1,2,1,2,2,1,2,2,2,2,1,1,2,1,1,1,2,3,1,1,4,3,3,3,3,2,2,1,2,2,4,4,1,2,4,2,4,4,3,2,1,4,1,3,2,4,3,4,3,4,4,3,1,3,1,1,4,4,3,1,4,3,2,2,2,3,1,1,4,3,1,3,2,2,2,2,2,4,4,5,2,1,5,5,5,4,2,3,3,2,2,1,2,1,2,2,3,3,3,3,3,1,1,5,4,4,1,2,3,2,1,3,2,1,1,1,1,1,1,1,1,2,1,1,1,3,1,2,1,1,5,5,"senior","black","male","20-21"
"146",1,1,2,2,1,2,1,2,1,1,2,1,1,2,1,1,1,1,2,2,2,1,1,2,1,2,2,2,2,2,2,1,1,1,2,2,2,1,1,1,1,1,1,1,2,2,1,2,2,1,1,1,1,1,1,1,1,1,2,1,1,1,2,1,1,2,2,1,2,2,2,1,1,1,1,1,1,1,1,1,1,1,4,3,1,3,4,4,3,3,2,3,2,2,3,4,4,3,2,2,2,3,4,3,4,3,3,2,2,3,3,3,2,3,3,4,2,3,4,4,3,1,4,1,3,3,3,3,2,1,4,3,3,4,3,1,1,3,1,1,3,3,3,5,3,3,3,4,4,4,3,3,3,3,1,3,3,3,3,3,2,3,4,4,5,2,3,2,4,2,5,2,4,2,5,4,4,5,1,1,1,1,2,1,1,1,1,1,1,1,2,1,1,1,3,2,5,"sophomore","black","female","20-21"
"147",2,1,1,2,2,1,1,1,2,1,1,1,1,1,1,1,2,1,2,1,1,2,2,1,1,1,2,1,2,1,2,1,1,2,1,2,2,1,1,1,1,1,1,1,1,1,1,2,1,1,2,2,1,2,1,1,1,1,1,1,2,2,2,2,1,1,1,1,1,1,2,1,1,1,1,1,1,2,1,1,1,1,3,3,3,3,3,3,3,3,3,3,3,3,3,3,3,3,3,3,3,3,3,3,3,3,3,3,3,3,3,3,3,3,3,3,3,3,3,3,3,3,3,3,3,3,3,3,3,3,3,3,3,3,3,3,3,3,3,3,3,3,3,3,4,4,4,4,4,4,4,4,4,4,4,4,4,4,4,4,4,4,4,4,4,4,4,4,4,4,4,4,3,3,5,5,5,3,1,3,2,3,2,2,1,3,1,2,2,1,1,1,3,2,3,3,1,"junior","white","female","20-21"
"148",2,1,1,2,1,1,1,1,1,1,1,1,1,2,1,1,1,1,2,1,1,1,1,1,1,1,2,1,1,1,1,1,1,1,1,2,1,1,1,1,2,1,1,1,1,1,1,1,1,1,1,1,1,1,1,1,1,1,1,1,2,1,1,1,1,1,1,1,1,1,1,1,2,1,2,1,1,1,1,1,1,1,2,3,3,3,3,3,3,3,2,3,2,2,3,3,3,3,3,3,3,2,3,2,3,3,2,2,3,3,3,3,3,3,2,3,3,4,2,2,3,3,3,3,2,2,3,2,2,3,2,2,1,2,4,3,4,2,3,3,2,3,2,3,3,1,1,1,2,2,4,3,3,3,2,1,5,5,5,5,2,5,5,4,3,2,1,1,5,1,2,3,3,1,5,5,4,2,2,4,3,3,3,2,3,4,3,3,3,1,3,1,2,2,1,2,3,"junior","white","female","20-21"
"149",2,1,1,2,2,1,2,2,1,2,1,2,2,2,1,2,1,1,2,1,2,2,2,2,1,1,2,1,2,1,1,2,2,2,2,2,1,1,1,2,2,2,1,2,2,2,2,1,2,1,2,2,1,2,1,1,2,2,1,1,2,1,2,2,1,2,2,1,2,2,1,2,2,1,2,1,2,2,1,2,1,1,3,1,2,2,4,3,3,3,2,3,3,2,1,3,3,1,3,3,2,3,4,3,3,3,3,2,2,3,3,1,3,3,2,3,3,3,3,2,2,3,4,1,2,3,3,3,2,1,3,3,2,3,3,2,3,3,2,2,2,1,5,4,4,4,3,4,4,3,3,2,2,3,2,3,3,4,3,4,3,3,4,4,4,2,4,4,4,3,5,5,4,1,5,5,3,3,2,1,1,1,2,2,1,1,1,1,1,1,2,1,2,1,2,3,3,"freshmen","black","female","18-19"
"150",2,1,2,2,2,1,2,2,1,2,1,1,2,2,1,2,1,1,2,1,1,1,2,2,1,1,2,1,1,1,1,2,1,1,1,2,1,1,1,2,2,1,1,2,2,2,1,1,2,2,1,1,2,2,1,1,1,1,1,1,2,2,1,2,2,1,2,1,2,2,2,2,2,2,2,1,2,2,1,1,1,1,2,1,2,2,3,3,3,3,2,4,3,2,2,4,3,2,3,2,3,3,2,4,3,3,2,3,3,2,3,3,3,4,2,3,3,4,3,2,3,2,4,2,3,4,4,3,3,2,3,4,1,4,3,1,3,2,2,3,2,2,3,4,4,3,2,2,4,5,5,5,3,4,3,4,4,3,2,5,2,4,4,3,3,5,1,1,2,2,3,2,3,1,4,4,3,2,3,3,1,3,3,2,1,2,1,1,1,1,1,2,2,2,2,3,4,"junior","white","female","18-19"
"151",2,1,2,2,2,2,2,2,1,2,1,2,2,2,2,2,2,2,2,1,2,2,2,2,1,1,2,2,1,2,2,1,2,2,2,2,2,2,2,2,2,1,2,1,2,1,2,1,1,2,1,2,1,2,1,2,1,2,1,2,2,1,2,2,2,1,2,2,2,2,2,1,1,1,2,2,1,2,2,2,1,2,4,4,3,2,4,3,4,2,1,4,1,3,4,3,4,3,3,2,2,4,4,3,4,1,4,2,2,1,3,1,3,1,1,3,1,3,4,1,3,1,4,1,3,1,1,4,3,1,4,3,1,1,1,1,1,1,1,2,3,1,3,4,5,1,3,5,4,5,5,1,1,5,1,3,1,3,3,1,1,5,4,4,5,4,5,1,4,3,5,3,5,2,5,5,3,5,1,1,1,1,1,1,1,1,1,1,1,2,1,1,2,1,1,3,5,"freshmen","black","female","18-19"
"152",1,1,2,2,2,2,2,2,1,2,1,2,2,2,2,2,1,2,2,1,1,2,2,2,1,2,2,1,2,2,1,2,1,2,2,1,2,2,1,2,1,1,1,2,1,2,2,1,2,2,2,2,2,2,2,2,2,2,1,1,2,2,2,2,2,2,2,2,2,2,2,1,2,1,2,2,2,2,2,1,1,1,3,2,2,2,4,3,4,2,3,4,3,3,3,4,4,3,2,3,3,2,3,2,3,3,2,2,2,2,3,3,2,3,3,3,3,3,4,3,2,3,4,2,2,3,3,3,3,2,3,3,3,4,3,1,3,1,3,3,2,3,4,4,3,3,3,4,4,4,5,2,2,3,2,4,1,1,2,1,1,2,5,4,4,4,3,1,5,4,5,3,4,1,5,5,3,4,2,1,1,2,2,1,1,2,1,1,2,1,1,2,2,1,1,1,1,"sophomore","hispanic","female","18-19"
"153",1,1,1,2,2,1,2,2,1,2,1,2,2,2,1,2,1,1,2,1,2,2,2,2,1,1,2,1,1,2,1,1,1,2,1,2,2,2,1,2,1,1,1,2,2,1,2,1,1,2,2,2,2,2,1,1,1,1,1,1,2,2,2,2,1,1,1,1,1,2,1,2,2,2,1,2,1,2,1,1,1,1,2,2,3,3,4,3,3,2,1,4,2,2,3,4,4,2,2,2,3,3,4,1,2,2,2,3,3,2,3,3,3,2,3,3,3,3,4,2,3,3,3,2,2,3,4,4,3,2,2,3,3,4,3,2,3,3,2,2,3,2,4,5,4,2,2,4,4,3,4,4,3,4,2,3,2,2,3,3,2,3,4,4,3,3,3,3,4,3,2,2,4,3,5,5,3,2,3,1,1,2,2,3,2,1,1,2,1,1,1,2,1,1,2,2,3,"junior","white","female","20-21"
"154",2,1,1,2,2,NA,2,NA,1,1,1,1,1,2,1,2,1,1,2,1,1,2,2,2,1,1,1,1,1,1,1,1,2,1,1,2,2,1,1,2,2,1,1,2,1,2,1,1,2,2,2,1,2,2,1,1,1,2,1,1,2,1,NA,2,1,2,2,1,2,2,1,1,1,1,2,1,1,1,1,1,1,2,3,3,3,3,2,2,3,4,3,2,3,3,2,3,3,2,4,4,4,3,3,3,4,3,1,3,3,3,3,3,3,4,4,2,4,3,1,2,3,3,3,3,3,4,4,2,2,3,2,3,2,4,4,3,4,2,3,3,3,2,4,4,4,4,2,5,4,3,2,4,2,3,2,3,3,3,2,2,3,2,4,4,4,5,1,3,5,5,5,2,3,1,3,4,3,2,3,3,3,4,3,2,3,3,3,3,3,1,4,3,3,2,3,3,5,"junior","hispanic","female","20-21"
"155",2,1,2,2,2,1,2,2,1,2,1,1,1,2,1,1,1,1,2,1,1,1,2,2,1,1,2,1,1,1,1,1,1,1,1,1,1,1,1,2,2,1,1,2,1,1,1,1,1,1,1,2,1,1,2,2,1,1,1,1,1,2,2,2,1,2,2,1,2,2,2,1,1,1,2,1,2,1,1,1,1,2,3,2,2,3,3,3,4,3,1,3,2,2,2,4,3,1,4,3,3,4,3,4,4,3,3,2,3,4,4,3,3,4,3,4,3,3,2,2,2,4,4,3,2,4,3,3,4,3,3,4,4,4,4,4,4,3,3,2,3,2,2,4,2,2,3,3,3,4,1,1,3,2,2,4,2,2,4,4,2,4,4,3,3,3,2,2,5,4,4,2,4,2,5,3,3,2,4,3,2,3,3,3,2,2,1,3,2,1,1,3,2,2,1,2,5,"freshmen","white","female","18-19"
"156",2,1,2,1,2,2,2,2,1,2,1,1,2,2,2,1,1,2,2,2,1,2,2,2,1,1,1,2,1,1,1,2,1,1,2,2,2,1,2,2,1,1,1,2,2,2,1,2,2,1,2,1,2,2,2,1,1,2,2,1,2,2,2,2,1,2,1,2,2,2,2,2,1,2,2,2,2,2,1,2,2,2,4,2,2,3,3,4,4,4,1,4,2,2,2,4,4,2,1,3,2,3,3,4,3,3,2,3,3,3,3,2,3,2,3,4,4,3,2,2,3,3,4,2,2,3,3,3,3,3,3,3,2,4,3,4,3,3,3,2,3,2,2,4,4,3,2,5,5,4,5,3,2,2,3,3,5,5,4,5,5,5,5,4,4,5,4,4,5,4,5,3,4,1,4,4,1,1,2,1,1,3,2,1,1,1,1,1,2,1,3,1,2,1,1,1,2,"senior","biracial","female","20-21"
"157",1,1,1,2,2,1,1,1,1,1,2,1,1,2,1,1,1,1,2,1,2,2,1,2,1,1,2,1,1,1,1,1,1,1,1,1,1,1,1,2,1,1,1,2,2,2,1,1,2,1,1,2,2,1,1,1,1,1,1,2,2,1,2,1,1,2,2,1,2,2,2,2,2,1,1,2,1,1,1,1,1,1,3,2,2,2,3,3,3,3,2,3,3,2,3,2,3,2,3,3,3,3,3,4,4,2,2,3,3,2,4,2,2,2,3,3,3,3,4,1,3,3,4,3,2,3,3,3,3,3,3,3,2,3,4,3,3,3,3,3,3,3,3,4,3,2,2,3,4,4,4,4,4,4,2,2,4,4,4,4,3,3,4,3,4,2,3,3,3,2,3,3,3,2,4,4,2,3,2,4,1,3,3,1,1,2,1,1,1,1,3,1,2,1,2,2,5,"freshmen","black","female","18-19"
"158",2,1,2,2,1,1,1,2,1,2,1,1,2,2,1,2,1,1,2,1,2,2,2,2,1,1,2,1,1,2,2,2,1,2,2,1,1,1,2,2,1,1,1,1,1,2,2,2,2,1,2,2,2,1,1,1,1,1,1,2,2,1,2,2,2,2,2,2,2,2,1,2,2,2,2,2,2,2,2,2,2,2,3,4,3,3,1,3,2,3,3,2,1,2,NA,3,2,3,4,3,3,4,4,4,3,3,2,2,3,3,3,3,3,4,2,3,4,4,2,2,2,3,2,2,3,3,4,3,3,3,2,3,2,4,4,2,3,1,3,3,3,3,3,3,3,4,2,1,3,4,2,2,2,2,2,3,3,2,3,3,1,4,3,3,3,2,2,2,4,3,5,4,3,4,5,5,4,2,2,3,1,2,2,3,2,2,1,2,1,1,2,1,1,1,3,3,2,"sophomore","hispanic","male","18-19"
"159",2,1,1,2,2,2,2,1,1,2,1,1,2,2,1,1,2,1,2,2,2,2,2,2,1,1,2,1,2,1,1,1,2,1,2,2,2,2,1,2,1,1,2,1,2,2,2,2,1,2,1,1,1,2,1,2,2,2,2,1,2,1,2,2,2,1,1,2,2,1,2,2,2,2,1,1,2,1,2,1,1,1,4,1,3,2,4,4,4,2,1,4,3,1,1,4,4,1,4,1,3,4,3,4,4,3,3,1,2,3,1,1,1,3,3,3,3,2,4,3,1,3,4,1,1,2,3,3,3,3,3,1,4,4,3,4,2,3,1,1,1,1,3,5,4,3,2,5,4,4,5,5,5,4,4,5,4,5,4,5,3,3,4,4,5,2,2,2,4,3,2,3,5,2,5,5,2,3,1,1,1,3,2,1,1,1,1,1,1,1,2,1,3,1,2,4,5,"freshmen","white","male","18-19"
"160",1,1,1,2,2,1,2,2,1,1,1,1,1,2,1,1,1,1,2,1,1,1,2,1,1,1,1,1,1,1,2,1,1,1,1,2,1,1,1,2,2,1,1,1,1,1,1,1,1,1,1,1,1,1,1,1,1,1,1,1,2,1,1,2,1,1,1,1,1,1,2,1,1,1,2,1,1,1,1,1,1,2,3,3,3,2,3,3,3,3,2,3,2,3,3,4,3,2,2,2,3,4,3,3,3,3,2,3,3,2,3,2,3,4,2,3,3,3,2,2,3,4,3,2,3,3,4,3,2,3,3,4,2,3,3,2,4,3,3,3,2,2,4,4,3,3,2,3,4,4,3,3,3,4,3,3,2,2,3,3,3,2,3,3,4,4,3,4,4,4,3,3,3,3,5,5,3,3,2,1,2,2,2,2,1,2,1,2,2,1,2,2,2,2,2,3,2,"sophomore","white","female","18-19"
"161",2,1,2,2,2,1,2,2,1,2,1,1,1,1,1,1,1,1,2,1,2,2,2,2,1,1,1,1,1,1,2,1,1,2,1,2,1,1,1,2,2,1,1,2,1,2,1,1,2,1,1,1,1,2,1,1,1,1,1,1,2,2,1,2,1,NA,NA,1,1,2,2,2,2,1,1,1,2,1,1,1,1,1,3,2,3,2,4,3,4,2,1,3,3,2,1,3,4,2,3,2,2,3,3,4,4,3,2,2,3,3,4,3,3,3,2,3,3,2,3,3,2,4,3,3,2,4,4,3,2,2,2,3,3,2,3,2,4,2,2,2,3,2,3,4,2,2,3,4,5,4,4,3,3,4,5,4,2,1,3,4,1,2,5,4,4,4,1,1,4,2,3,2,3,3,4,4,2,2,3,1,1,2,2,2,1,1,1,2,2,1,1,1,2,1,4,3,5,"junior","white","female","20-21"
"162",2,1,1,2,2,1,2,2,1,1,1,1,2,1,1,1,1,1,2,2,2,1,2,2,1,1,1,1,1,1,1,1,1,1,2,1,1,1,1,2,2,1,1,2,1,2,2,2,2,2,1,1,2,2,2,1,2,2,1,1,1,2,1,1,2,2,1,1,1,2,2,1,1,2,2,2,2,1,1,1,1,2,3,2,3,3,2,2,4,3,3,2,2,2,2,2,3,2,4,3,2,3,3,3,3,3,3,2,3,3,3,3,2,3,2,3,3,3,3,2,3,3,3,2,2,3,3,3,3,2,2,4,3,3,3,2,2,2,2,2,3,2,4,4,4,3,3,2,4,3,2,3,3,3,2,2,2,2,2,3,1,3,4,4,4,4,1,1,4,1,2,2,2,1,5,4,2,2,4,3,4,2,2,3,2,3,3,3,4,4,3,4,3,2,3,2,3,"senior","white","female","20-21"
"163",1,1,1,2,2,2,2,2,1,2,1,2,2,2,1,2,2,1,2,2,1,2,2,2,1,1,2,1,2,1,1,1,2,2,1,2,2,2,1,2,2,1,1,1,1,2,2,1,1,2,1,1,1,2,1,2,2,2,1,1,2,2,1,2,1,1,2,1,2,2,1,1,2,1,2,1,2,1,1,2,2,2,3,2,2,2,4,3,4,3,3,3,3,1,1,4,3,2,4,3,3,4,3,4,4,2,3,2,3,4,3,3,4,4,2,4,3,4,3,3,3,3,4,4,2,4,3,2,2,2,3,3,2,4,3,3,3,1,1,1,2,2,4,5,2,3,2,4,3,3,2,3,3,4,3,3,1,1,2,2,3,4,4,3,4,2,4,4,3,5,5,4,3,1,2,3,2,2,2,3,2,2,3,2,1,2,1,2,2,1,1,2,2,2,3,2,2,"freshmen","white","female","18-19"
"164",2,1,1,2,2,1,2,2,1,2,1,2,2,2,1,1,1,2,2,1,2,2,2,2,1,2,2,1,2,1,2,1,2,2,2,2,2,1,1,2,2,1,2,1,2,2,2,1,2,1,2,2,1,2,1,1,1,2,1,1,2,1,2,2,2,1,2,1,2,2,1,2,2,2,2,1,2,2,1,1,1,1,3,2,2,3,4,4,4,1,1,3,3,1,1,4,3,2,3,2,3,3,4,4,4,2,3,2,2,3,3,2,2,2,2,3,2,2,3,3,3,3,4,2,2,3,2,3,4,1,3,3,2,3,3,3,2,2,2,2,2,2,4,5,4,3,3,5,4,4,4,3,4,4,3,4,2,2,3,3,3,4,4,4,4,4,3,3,5,4,5,3,4,3,5,5,2,2,2,1,1,2,2,1,1,1,1,1,1,1,1,1,2,1,2,3,2,"freshmen","white","female","18-19"
"165",1,1,1,2,2,1,2,2,1,2,1,2,2,2,1,2,1,2,2,2,2,2,1,2,1,1,1,1,1,1,2,2,2,2,2,2,1,2,1,2,2,1,1,1,1,1,2,1,2,1,1,1,1,1,1,1,1,2,1,1,2,1,2,2,1,2,1,1,2,1,1,1,1,2,1,1,2,1,1,1,1,1,2,2,3,2,3,3,3,3,2,2,2,3,2,3,3,2,1,2,4,3,3,2,2,3,2,2,3,3,3,2,3,4,3,3,3,3,3,3,2,3,3,3,2,3,3,2,2,2,2,3,3,3,2,2,4,2,3,2,3,3,5,5,5,4,4,3,5,5,5,3,3,4,3,4,2,2,3,2,4,3,5,5,5,4,1,2,5,3,2,2,3,2,4,4,2,2,3,3,2,2,2,2,1,3,4,2,2,2,3,2,2,2,1,2,1,"junior","white","female","20-21"
"166",2,1,1,2,2,2,1,2,1,2,1,1,1,2,1,1,1,1,2,1,2,2,2,2,1,2,2,1,1,2,2,2,2,1,1,1,1,1,1,1,1,1,1,1,2,2,2,1,1,1,2,2,1,2,2,2,2,2,1,2,1,2,2,2,2,2,1,1,2,1,1,1,1,2,1,1,1,1,1,1,1,2,1,3,3,3,3,3,3,3,3,3,3,2,2,4,3,3,3,4,3,3,3,3,3,3,2,2,2,3,3,3,3,3,3,3,3,3,3,2,2,2,3,1,3,3,3,3,3,3,3,3,2,3,3,3,3,3,3,3,3,4,2,2,2,2,2,2,3,3,3,3,2,3,3,3,3,2,2,3,1,3,3,3,3,2,2,2,4,2,2,2,4,3,3,1,3,3,3,3,2,3,4,1,3,3,1,3,2,2,2,3,3,2,2,2,5,"sophomore","white","female","18-19"
"167",2,1,2,2,2,2,2,2,2,2,1,1,2,2,1,2,1,1,2,2,1,2,2,2,1,1,1,1,2,1,1,2,1,1,1,2,1,1,1,2,2,1,2,2,2,2,1,1,2,1,2,2,2,2,1,1,2,2,1,1,2,2,2,2,1,2,1,1,1,2,1,2,2,1,1,1,2,1,1,1,1,2,3,1,2,2,3,4,4,2,2,3,4,1,1,4,4,1,3,2,2,3,4,4,4,3,3,1,3,3,2,1,2,3,1,3,1,2,3,3,1,2,4,4,1,4,2,4,2,1,3,2,4,3,3,2,2,2,1,1,2,1,3,4,3,4,4,3,5,5,4,5,5,5,5,5,5,4,4,5,2,3,4,4,5,4,2,2,4,3,3,3,5,2,5,4,3,2,1,2,1,2,2,1,1,2,2,2,2,1,1,1,2,1,1,3,1,"senior","biracial","male","20-21"
"168",2,1,1,2,2,1,2,2,2,2,1,1,2,1,1,1,1,1,1,1,2,2,2,2,1,1,1,1,2,1,1,1,1,1,2,1,1,1,1,1,2,1,1,1,1,1,1,1,1,2,2,1,1,1,1,1,1,1,1,1,1,1,2,1,1,2,2,1,2,2,2,1,2,1,1,1,1,1,1,1,1,1,1,2,1,1,3,3,3,3,1,3,2,2,1,3,3,2,2,2,1,1,3,2,2,2,1,1,2,1,2,2,1,3,1,1,1,4,2,1,1,3,3,1,1,1,3,1,2,1,1,2,3,4,1,1,4,3,2,1,1,1,3,5,2,2,3,4,3,5,5,5,5,3,5,4,2,1,3,1,1,2,5,3,3,3,3,4,3,4,3,3,4,2,5,5,2,1,4,2,2,2,2,3,2,1,3,1,1,1,1,2,2,2,1,2,5,"junior","white","female","20-21"
"169",1,2,1,2,2,2,1,2,1,2,2,2,2,2,1,1,2,2,2,2,2,1,2,2,1,1,2,1,2,2,1,1,1,2,2,2,2,1,1,2,1,1,1,2,2,2,1,2,2,2,2,2,1,2,1,2,2,2,1,2,1,1,2,2,2,2,1,2,2,2,2,2,2,2,1,2,2,2,2,2,1,2,3,1,1,1,3,4,4,1,1,4,3,3,1,4,4,1,4,3,3,4,4,3,4,2,3,3,3,3,2,2,2,2,2,4,2,2,2,2,1,2,4,3,2,3,2,3,2,2,4,2,4,4,4,3,3,2,2,2,3,2,3,4,3,2,4,5,3,4,5,4,4,4,4,4,4,5,5,4,3,4,5,5,5,4,2,2,5,5,2,2,5,1,5,5,1,3,2,2,2,3,2,1,3,3,3,1,2,1,1,1,2,2,4,2,3,"junior","white","male","20-21"
"170",2,1,2,2,2,2,2,2,1,2,2,2,1,1,1,1,1,1,2,2,1,2,1,2,1,1,2,1,2,2,2,1,1,1,1,2,2,1,2,2,1,1,2,2,1,2,1,1,2,2,2,1,1,2,1,2,2,1,2,1,2,2,2,2,2,2,2,2,2,2,2,2,2,2,2,1,2,1,2,1,1,1,3,3,2,3,4,3,4,3,2,3,3,2,3,4,3,2,3,2,3,3,4,4,3,2,4,3,3,3,3,2,2,3,2,2,2,3,4,3,3,4,4,2,2,4,4,2,3,3,4,2,3,4,3,2,3,1,3,1,1,1,4,5,4,2,2,4,4,4,4,4,4,3,2,3,3,5,4,5,4,5,5,4,5,4,4,2,4,1,5,4,3,1,2,1,2,2,2,2,1,1,1,2,1,1,1,1,1,1,1,1,1,1,3,3,4,"junior","hispanic","male","20-21"
"171",2,2,2,2,2,1,2,2,1,2,1,1,2,2,1,2,1,1,2,2,1,2,2,2,1,2,2,1,2,1,2,2,1,2,1,2,1,1,1,1,1,1,1,1,1,2,1,1,1,1,2,1,1,1,1,1,2,1,1,1,2,2,2,1,1,1,2,2,2,2,1,2,2,1,2,1,1,1,1,1,1,2,3,1,3,3,3,3,3,2,1,3,2,2,2,3,3,1,3,3,3,4,4,4,3,3,2,1,3,3,2,3,2,3,4,4,1,2,3,2,1,1,3,1,1,3,3,3,2,3,3,3,1,4,3,3,3,1,2,2,1,1,4,4,3,3,3,3,4,3,4,3,3,3,3,4,3,3,2,3,2,4,4,4,4,4,1,2,5,3,4,1,4,1,5,4,2,3,2,3,2,3,3,2,1,2,4,2,2,1,1,2,2,3,1,1,3,"junior","black","female","18-19"
"172",2,2,2,2,2,2,1,2,1,2,2,2,2,2,2,2,2,2,2,2,2,2,2,2,1,1,2,2,1,2,1,2,2,2,2,2,2,2,2,2,2,1,2,2,2,2,1,2,2,1,2,2,2,2,1,1,1,2,2,1,2,2,2,2,2,1,2,1,2,2,NA,2,2,2,2,1,2,2,1,1,1,2,4,2,3,2,3,3,4,2,1,4,3,3,1,3,4,2,2,2,3,3,4,4,4,3,2,2,3,3,3,3,2,1,3,3,3,2,2,4,3,2,3,4,4,2,3,3,3,3,3,3,1,3,3,4,3,2,2,2,3,2,3,5,3,3,4,4,3,5,4,3,3,3,4,5,3,3,2,3,2,4,4,4,4,3,2,3,5,3,5,3,4,1,4,4,2,2,2,1,1,2,2,2,1,2,1,1,1,1,3,2,2,1,1,3,5,"junior","black","female","20-21"
"173",2,2,2,1,2,2,1,2,1,2,2,1,1,2,1,2,1,1,2,1,2,2,2,2,1,1,2,1,2,2,1,2,2,1,2,2,1,2,2,2,2,1,1,2,2,2,2,2,1,1,2,1,1,2,1,1,2,1,1,1,2,1,2,2,1,1,2,1,2,2,2,2,2,2,2,2,2,1,1,1,1,2,4,1,2,4,4,4,4,2,1,4,4,2,2,4,4,2,4,1,4,4,4,4,4,3,2,1,4,4,4,2,2,2,1,4,1,1,4,3,1,1,4,1,2,4,3,3,4,1,4,3,1,4,4,4,3,3,3,1,2,2,3,5,4,3,2,4,4,3,3,3,3,3,4,3,3,4,4,4,3,4,4,4,4,4,3,2,5,4,5,5,5,2,5,4,2,5,1,2,1,1,2,1,1,1,1,1,1,1,4,1,1,1,1,3,5,"junior","black","female","20-21"
"174",2,1,2,2,2,1,2,2,1,2,1,1,2,1,1,2,1,1,2,2,1,2,2,2,1,2,2,1,1,1,1,1,2,2,2,2,2,2,1,2,2,1,1,2,1,2,1,1,1,2,2,1,1,1,2,1,1,2,1,2,2,2,2,2,1,1,2,2,2,2,2,1,2,1,2,1,1,1,2,1,1,2,2,1,3,2,2,3,2,4,3,2,2,2,3,4,3,2,2,4,3,3,3,3,4,4,1,2,3,3,4,3,2,4,3,3,4,2,1,1,2,3,1,3,2,3,4,3,3,1,1,3,1,3,3,1,4,3,2,2,2,2,4,5,4,3,3,2,4,4,5,4,4,4,4,4,2,3,3,4,2,3,4,4,3,4,4,5,5,4,3,2,3,1,2,3,2,2,3,3,1,2,2,2,1,2,2,1,2,2,1,2,2,1,2,3,3,"freshmen","black","female","18-19"
"175",2,1,1,2,2,1,2,2,1,2,2,1,2,2,1,1,2,1,2,1,2,2,2,2,1,1,2,1,1,1,2,2,2,2,2,2,2,1,2,2,2,1,1,2,2,1,2,2,2,1,2,2,2,1,2,1,2,2,2,2,2,1,2,2,1,1,2,2,2,2,2,2,2,2,1,2,1,2,1,2,1,2,3,2,3,3,3,3,3,3,2,3,2,2,2,4,3,2,4,1,3,2,3,3,3,3,2,1,3,3,4,1,2,3,2,3,3,2,3,2,2,3,4,1,2,3,3,3,3,1,3,3,1,3,3,2,3,2,3,2,3,2,4,5,3,3,4,2,4,4,4,4,2,3,4,3,4,4,3,4,5,4,4,3,5,4,1,4,3,4,5,5,3,2,4,4,2,3,2,2,1,3,2,1,1,3,1,1,2,2,2,2,2,1,3,3,2,"freshmen","black","female","18-19"
"176",2,1,1,2,2,1,2,2,1,2,1,1,1,2,1,1,1,1,2,1,1,2,2,1,1,1,2,1,1,1,1,1,1,2,1,2,1,1,1,2,1,1,2,2,2,2,1,1,1,1,2,1,2,2,1,1,1,1,1,1,2,1,2,2,2,2,1,1,2,2,2,2,1,2,2,1,2,2,1,1,1,2,2,1,4,3,3,4,3,4,2,3,3,1,1,4,3,2,4,3,3,4,4,4,3,3,3,3,3,4,3,3,3,4,3,4,3,2,2,2,2,2,3,4,3,4,4,3,2,1,3,2,1,2,4,1,3,1,1,1,3,3,4,5,4,3,2,5,4,4,3,4,3,4,3,4,3,4,3,5,4,4,4,3,3,4,2,2,5,3,4,2,3,2,4,4,3,2,2,1,1,2,1,1,1,2,1,1,1,1,1,1,1,1,2,3,5,"freshmen","white","female","18-19"
"177",1,1,1,1,2,2,2,2,1,2,1,2,2,2,2,1,2,2,1,1,1,1,2,2,1,1,2,1,1,1,2,1,1,2,2,2,2,1,1,2,2,1,1,2,1,2,1,1,2,2,2,1,2,2,2,1,2,2,1,2,2,2,2,2,1,1,2,2,2,2,1,2,2,2,2,1,2,1,1,2,1,2,3,2,2,2,3,3,3,3,2,3,4,1,2,4,4,1,3,2,3,4,3,4,4,3,3,2,3,4,3,3,2,2,3,4,3,2,2,3,1,3,2,1,3,3,4,3,2,1,3,3,4,4,3,1,4,2,2,2,3,3,5,5,4,3,4,5,5,4,4,3,3,4,5,4,4,4,4,5,2,4,5,4,5,3,2,3,5,2,5,2,3,1,5,5,1,1,2,4,2,1,2,2,1,2,3,2,2,1,3,1,1,2,3,4,5,"senior","white","female","22-25"
"178",2,1,2,2,2,1,1,1,1,1,1,1,1,1,1,1,1,1,2,1,1,2,1,2,1,1,1,1,1,1,1,1,1,1,1,2,1,1,1,2,2,1,1,2,2,2,1,1,2,1,2,1,1,1,1,1,1,1,1,1,2,2,2,1,1,1,2,2,2,2,1,2,2,1,1,1,1,2,1,1,1,2,3,2,2,3,3,3,3,3,1,3,2,3,2,3,3,3,4,3,3,3,3,3,3,4,2,2,3,4,4,3,2,3,3,2,3,2,3,2,2,3,3,3,3,3,4,3,3,3,3,4,2,4,4,3,3,1,3,3,2,2,3,5,3,3,3,3,4,4,4,3,2,2,3,3,4,4,3,3,3,3,4,3,3,4,2,2,5,3,5,3,3,4,4,4,2,2,2,3,1,3,2,1,1,2,1,2,1,1,3,2,2,1,1,3,4,"sophomore","white","female","18-19"
"179",2,1,1,2,2,1,2,2,1,2,1,2,2,2,1,1,1,2,2,2,1,2,2,2,1,1,2,1,1,1,1,1,2,2,2,1,2,2,1,2,2,1,1,2,2,2,2,1,2,2,2,2,2,2,1,2,1,1,1,1,2,1,2,2,2,2,1,1,2,2,1,1,2,2,1,1,1,2,2,1,1,2,3,1,4,3,3,1,3,4,4,3,4,2,4,3,3,1,4,4,1,4,4,3,4,4,3,3,4,4,4,4,4,4,4,4,3,3,4,4,2,4,4,3,2,4,4,4,2,4,3,4,3,4,4,1,4,4,4,2,4,4,3,5,5,1,3,3,5,3,3,1,3,3,5,3,3,5,3,3,5,1,5,5,3,3,1,1,5,3,1,3,3,1,3,5,1,1,3,3,2,4,2,3,3,3,2,3,2,1,1,3,3,2,1,1,1,"senior","black","male","22-25"
"180",1,2,2,2,2,1,2,2,1,2,1,1,1,2,1,2,1,1,2,2,1,2,2,2,1,2,2,1,1,2,1,2,2,1,2,2,1,1,1,2,1,1,1,2,2,2,1,1,1,2,1,1,1,2,1,1,1,2,1,1,2,2,2,1,1,1,1,1,2,1,1,1,2,1,1,1,1,1,1,1,1,1,3,2,2,3,4,4,4,2,1,4,3,1,1,3,4,1,4,2,2,3,3,4,4,3,3,2,2,3,4,1,2,2,1,3,2,2,1,1,2,2,4,1,2,3,3,3,2,1,4,3,3,3,4,3,3,2,1,1,2,1,3,5,5,3,3,4,5,3,5,2,2,3,2,3,4,4,3,5,3,5,5,4,4,4,2,2,3,4,4,3,3,1,3,4,2,2,2,3,1,2,1,1,1,2,1,1,2,1,1,1,1,1,2,4,4,"junior","white","female","20-21"
"181",2,1,2,2,2,1,2,2,1,2,2,1,2,2,2,2,1,1,2,1,2,2,2,2,1,1,2,1,2,1,2,2,2,2,2,2,2,2,2,2,2,2,1,2,2,2,2,2,2,2,2,1,2,2,1,1,1,1,2,1,2,1,2,2,2,2,2,2,2,2,2,2,2,2,2,2,2,2,1,1,1,2,4,1,1,1,4,4,4,2,2,3,4,2,1,4,4,1,3,3,2,4,3,4,3,3,4,2,2,3,3,3,3,2,2,4,2,3,4,1,1,3,4,2,2,3,3,3,2,2,4,3,1,4,3,2,3,2,3,1,2,1,3,4,3,3,2,3,5,4,4,3,3,2,2,3,1,2,2,2,1,2,4,4,4,1,2,4,4,5,5,3,5,2,5,3,3,1,2,1,1,1,1,1,1,1,1,1,1,1,1,1,1,1,1,2,4,"junior","black","female","18-19"
"182",1,1,1,2,2,1,1,2,1,2,1,1,1,2,1,2,1,1,1,2,1,1,1,2,2,1,2,1,1,1,1,2,1,2,1,2,1,1,1,1,2,1,1,1,1,2,1,1,1,1,2,1,1,1,1,1,1,1,1,1,2,2,2,2,1,1,1,1,1,1,2,2,2,1,2,1,2,1,1,1,1,3,3,2,3,3,4,4,4,3,2,4,3,3,3,4,4,2,3,3,3,3,3,3,3,3,3,3,3,3,3,3,3,3,3,3,3,4,4,3,3,4,3,3,3,3,3,3,3,3,1,3,3,3,3,3,3,4,3,3,3,3,3,4,3,3,3,3,3,3,4,3,3,3,2,3,2,2,4,2,2,2,3,2,2,3,3,3,5,4,5,4,3,1,5,2,2,2,3,1,1,2,1,2,1,1,1,1,1,1,1,1,1,1,5,5,3,"freshmen","white","female","18-19"
"183",2,2,1,2,2,2,2,2,2,2,1,1,2,2,1,2,2,2,2,2,1,2,2,2,1,2,2,1,2,1,2,2,1,2,1,2,2,2,1,2,2,2,1,2,2,2,1,1,2,2,1,1,1,2,1,2,2,1,1,2,1,2,2,2,1,1,2,1,2,2,2,1,1,2,1,1,1,1,1,1,1,1,4,2,3,3,4,3,2,2,1,3,3,2,2,3,3,3,4,2,3,3,2,3,4,4,4,1,3,3,2,4,4,4,1,1,3,2,1,3,2,3,3,3,1,2,4,3,4,4,2,2,3,2,2,1,1,1,1,2,1,1,4,3,2,2,3,2,1,2,4,4,4,2,3,2,2,3,2,1,4,1,1,1,1,2,4,3,3,1,5,4,4,3,2,3,4,4,1,1,1,1,2,1,1,1,1,1,1,1,1,1,2,1,3,4,5,"sophomore","black","female","18-19"
"184",1,1,2,2,1,2,1,1,1,1,1,1,2,1,1,2,2,1,2,1,1,1,1,2,2,1,1,1,1,1,2,2,1,2,1,1,1,2,1,2,1,1,2,1,2,1,1,1,2,1,1,1,2,2,2,1,1,2,1,1,1,1,2,1,1,1,1,1,1,2,1,1,2,2,2,2,1,1,2,2,1,1,2,3,2,2,3,1,3,2,3,4,2,3,3,4,1,2,2,2,1,4,3,3,2,2,2,4,3,3,1,2,3,2,2,2,2,4,4,2,3,1,3,2,3,3,4,1,2,3,3,2,3,2,3,3,1,1,2,3,2,2,3,2,4,4,3,5,3,1,1,2,3,4,4,3,5,3,4,4,3,4,5,2,3,5,3,2,4,3,1,4,5,2,3,1,3,2,4,3,3,2,4,1,2,3,2,4,4,2,2,3,2,4,4,2,1,"freshmen","black","male","18-19"
"185",2,1,1,1,2,1,2,2,1,2,1,2,2,2,1,1,1,2,2,2,1,2,1,1,1,1,2,1,1,1,1,1,2,1,1,2,2,1,2,1,2,2,1,2,2,2,1,1,1,1,1,1,1,2,1,1,1,2,1,1,2,2,2,1,1,1,1,1,2,2,1,1,2,1,2,2,2,2,2,2,1,2,4,1,1,1,3,3,3,1,1,4,4,1,1,4,4,1,4,3,1,4,4,3,1,1,3,1,4,4,4,1,2,3,1,4,1,1,1,1,1,4,4,2,1,4,1,4,3,1,4,1,4,2,2,1,1,1,1,1,4,1,5,5,5,5,5,5,5,5,5,5,5,5,4,4,3,4,3,5,2,4,5,5,5,5,4,4,3,5,4,5,5,4,5,5,3,4,2,3,2,3,4,3,1,3,1,2,2,2,1,2,2,2,3,2,2,"senior","white","female","22-25"
"186",2,1,1,2,2,1,2,2,1,2,1,1,2,2,1,2,1,1,2,2,2,2,1,2,1,2,2,1,1,1,1,2,2,2,2,2,1,1,1,2,2,1,1,2,2,2,1,2,2,1,1,2,1,1,1,1,2,2,1,2,2,2,2,2,1,2,1,1,1,2,2,2,2,2,2,1,2,1,1,1,1,1,3,2,3,4,4,4,2,3,3,3,3,4,3,4,3,2,2,1,4,4,3,3,3,4,2,3,4,1,3,3,4,4,2,3,3,2,2,2,3,3,3,1,2,4,3,2,4,1,2,3,3,4,2,2,3,2,3,3,2,1,4,4,4,3,3,5,2,3,3,3,3,2,3,2,4,3,2,2,3,3,4,4,5,2,1,1,3,2,1,2,2,2,5,5,2,5,2,3,2,1,3,2,1,2,1,1,1,1,1,1,2,2,2,2,2,"sophomore","white","female","18-19"
"187",2,1,1,2,2,1,2,2,1,1,1,1,2,1,1,1,1,1,2,2,2,1,2,2,1,1,1,1,1,1,1,1,1,1,2,1,1,1,1,2,2,1,1,2,1,2,2,2,2,2,1,1,2,2,2,1,2,2,1,1,1,2,1,1,2,2,1,1,1,2,2,1,1,2,2,2,2,1,1,1,1,2,3,2,3,3,2,2,4,3,3,2,2,2,2,2,3,2,4,3,2,3,3,3,3,3,3,2,3,3,3,3,2,3,2,3,3,3,3,2,3,3,3,2,2,3,3,3,3,2,2,4,3,3,3,2,2,2,2,2,3,2,4,4,4,3,3,2,4,3,2,3,3,3,2,2,2,2,2,3,1,3,4,4,4,4,1,1,4,1,2,2,2,1,5,4,2,2,4,3,4,2,2,3,2,3,3,3,4,4,3,4,3,2,3,2,3,"senior","white","female","20-21"
"188",1,1,1,2,2,1,2,2,1,2,1,1,1,2,1,2,1,1,2,1,1,2,1,2,1,2,2,1,1,1,1,2,2,1,1,2,1,1,1,1,2,1,1,2,2,2,1,1,1,1,2,1,1,1,1,1,1,1,1,1,2,2,2,2,1,1,1,1,1,2,1,1,1,2,1,1,1,2,1,1,1,2,3,4,2,4,4,4,4,3,2,4,1,3,3,4,3,4,2,3,2,2,4,3,2,3,2,2,3,2,2,2,2,3,2,2,2,3,4,2,2,2,4,2,1,3,3,3,4,4,3,3,3,3,2,2,3,3,3,2,2,2,2,4,2,2,2,4,3,2,2,2,2,2,2,2,2,2,3,2,2,3,4,3,4,3,2,2,4,2,4,2,2,2,5,5,2,2,2,3,1,3,2,2,1,3,3,2,2,1,3,3,2,2,3,3,4,"sophomore","white","female","20-21"
"189",2,1,2,2,2,1,2,2,1,2,1,2,2,2,1,2,1,1,2,1,1,2,2,1,1,1,1,1,2,2,2,2,2,1,1,2,1,2,1,1,2,1,1,2,1,1,2,1,2,2,2,2,1,2,1,1,2,1,1,1,1,2,1,2,2,2,2,1,2,2,2,1,2,1,2,1,1,1,1,1,1,2,2,2,3,3,4,4,4,3,3,3,4,2,2,3,3,2,3,3,3,3,3,3,2,3,2,2,2,2,3,3,3,3,2,2,2,3,2,2,2,3,3,2,2,2,4,3,2,3,2,3,1,4,3,2,3,2,2,3,2,2,3,4,2,3,3,4,4,4,5,4,4,4,4,3,3,4,4,3,3,3,4,3,3,3,3,3,4,4,2,2,3,1,5,5,2,3,2,3,4,2,2,2,2,2,2,2,1,2,1,2,2,1,4,4,5,"junior","white","female","20-21"
"190",1,1,1,2,2,1,1,1,1,1,2,1,1,2,1,1,1,1,2,1,2,2,1,2,1,1,2,1,1,1,1,1,1,1,1,1,1,1,1,2,1,1,1,2,2,2,1,1,2,1,1,2,2,1,1,1,1,1,1,2,2,1,2,1,1,2,2,1,2,2,2,2,2,1,1,2,1,1,1,1,1,1,3,2,2,2,3,3,3,3,2,3,3,2,3,2,3,2,3,3,3,3,3,4,4,2,2,3,3,2,4,2,2,2,3,3,3,3,4,1,3,3,4,3,2,3,3,3,3,3,3,3,2,3,4,3,3,3,3,3,3,3,3,4,3,2,2,3,4,4,4,4,4,4,2,2,4,4,4,4,3,3,4,3,4,2,3,3,3,2,3,3,3,2,4,4,2,3,2,4,1,3,3,1,1,2,1,1,1,1,3,1,2,1,2,2,5,"freshmen","black","female","18-19"
"191",1,1,1,1,2,2,2,2,1,2,1,1,1,2,2,1,1,2,2,2,1,2,2,2,1,2,2,2,1,1,1,1,2,1,2,2,2,2,1,2,2,1,2,2,2,2,1,1,1,2,1,1,2,2,2,1,1,2,1,1,2,2,2,2,1,2,1,1,2,2,2,2,2,1,2,1,2,1,1,1,1,2,4,2,2,2,4,3,4,3,2,4,3,2,2,4,3,1,3,2,3,3,3,3,3,2,3,2,3,3,3,2,2,3,1,2,2,3,3,3,1,2,4,1,1,3,4,3,2,1,3,4,2,3,3,3,3,2,2,1,3,2,2,4,1,2,2,3,3,2,3,4,3,3,2,4,2,2,3,5,1,4,5,5,5,3,2,2,4,4,5,2,3,1,5,5,2,3,2,3,1,2,2,1,1,2,1,1,2,1,1,1,1,1,3,4,4,"senior","white","female","22-25"
"192",1,1,1,1,2,1,2,2,1,2,1,1,2,2,1,2,1,1,2,2,2,1,2,2,1,1,2,1,1,1,1,2,2,1,1,2,1,2,1,2,2,1,1,2,2,2,2,1,2,2,1,1,1,2,2,1,1,2,1,1,2,1,2,2,2,1,2,1,2,2,1,2,2,2,2,1,1,2,1,1,1,2,3,1,1,4,3,3,3,3,2,2,1,2,2,4,4,1,2,4,2,4,4,3,2,1,4,1,3,2,4,3,4,3,4,4,3,1,3,1,1,4,4,3,1,4,3,2,2,2,3,1,1,4,3,1,3,2,2,2,2,2,4,4,5,2,1,5,5,5,4,2,3,3,2,2,1,2,1,2,2,3,3,3,3,3,1,1,5,4,4,1,2,3,2,1,3,2,1,1,1,1,1,1,1,1,2,1,1,1,3,1,2,1,1,5,5,"senior","black","male","20-21"
"193",1,1,1,2,1,1,1,2,1,1,1,1,1,1,1,1,1,1,2,1,2,2,2,2,2,1,1,1,1,1,1,1,1,1,2,2,1,1,1,1,1,1,1,2,1,1,1,1,2,1,2,1,2,2,1,1,1,1,1,1,2,2,2,2,1,2,1,1,2,2,1,1,2,1,2,1,2,2,1,1,1,1,3,3,3,2,2,2,3,3,2,2,2,3,3,3,3,2,2,3,3,3,4,3,3,3,3,2,3,2,3,2,2,3,3,2,3,3,3,2,2,2,3,3,2,3,3,2,2,3,2,3,2,4,2,3,3,2,3,3,2,2,2,4,3,3,2,3,3,4,4,4,4,3,3,3,3,3,3,4,2,3,3,3,3,4,1,2,5,3,3,2,3,5,3,3,3,3,2,2,1,1,1,3,2,1,1,2,2,1,2,3,2,1,4,1,2,"senior","white","male","22-25"
"194",1,1,2,2,2,1,2,2,1,2,1,1,1,2,1,2,1,2,2,1,2,2,1,1,1,1,2,1,1,1,1,2,2,1,2,2,1,1,1,2,2,1,1,2,1,1,1,2,2,2,1,2,2,2,1,2,1,2,1,1,2,2,2,1,1,2,2,1,2,2,1,1,2,1,1,1,2,2,1,1,1,1,4,1,2,2,4,3,4,2,2,3,3,1,2,4,4,1,2,1,2,4,3,4,4,3,3,1,2,3,3,3,3,3,3,4,2,3,4,3,1,3,4,2,1,4,3,3,3,1,2,3,4,3,3,2,3,2,1,2,2,2,5,5,5,5,2,5,4,4,4,4,4,4,3,4,2,3,3,4,1,2,5,5,5,5,4,3,5,4,4,3,4,4,5,5,3,2,3,2,1,3,3,2,3,1,1,2,2,1,2,2,2,2,4,3,5,"senior","white","female","20-21"
"195",2,1,1,1,2,1,1,2,2,2,2,2,2,2,1,2,1,1,2,1,2,2,2,2,1,1,2,2,2,1,2,1,1,2,2,2,2,2,2,2,2,1,2,2,2,2,1,2,2,2,1,2,2,2,2,2,2,2,2,2,2,1,2,2,2,2,1,2,2,1,2,2,2,1,2,1,2,2,1,1,1,2,4,4,4,4,3,4,4,4,4,4,4,4,4,4,4,4,4,4,4,4,4,4,4,4,3,4,4,4,4,4,3,4,4,4,4,3,2,2,2,4,4,2,4,4,4,4,4,4,4,4,4,4,4,1,4,4,3,2,2,4,4,4,4,3,1,2,3,3,3,1,1,1,1,1,4,4,1,2,1,2,4,4,4,3,2,2,5,4,4,4,3,1,5,3,2,2,1,1,1,2,2,2,1,1,1,1,1,1,1,3,3,2,3,1,1,"junior","white","female","20-21"
"196",1,1,2,2,2,2,2,2,1,2,1,2,2,2,2,2,1,2,2,1,1,2,2,2,2,2,2,1,2,2,1,2,2,2,2,1,2,2,1,2,1,1,1,2,1,2,2,1,2,2,2,2,2,2,2,2,2,2,1,1,2,2,2,2,2,2,2,2,2,2,2,1,2,1,2,2,2,2,2,1,1,1,3,2,2,2,4,3,4,2,3,4,3,3,3,4,4,3,2,3,3,2,3,2,3,3,2,2,2,2,3,3,2,3,3,3,3,3,4,3,2,4,3,2,2,3,4,3,3,2,3,3,3,4,3,1,3,1,3,3,2,3,4,4,3,3,3,4,4,4,5,2,2,3,2,4,1,1,2,1,1,2,5,4,5,4,3,1,5,4,5,3,4,1,5,5,3,4,2,1,1,2,2,1,1,2,1,1,2,1,1,2,2,1,1,1,1,"sophomore","hispanic","female","18-19"
"197",1,2,1,1,2,1,2,2,1,2,1,1,2,2,1,2,1,1,2,2,2,2,2,2,1,2,2,1,2,2,1,2,1,2,1,2,1,1,1,2,2,1,1,2,2,2,2,2,2,2,2,2,2,1,1,1,2,2,1,1,2,2,2,2,2,2,1,1,2,2,2,2,2,2,2,2,2,2,1,1,1,2,3,2,3,3,3,3,4,2,2,4,3,2,2,4,4,2,4,3,3,3,3,3,4,2,3,2,3,3,3,3,2,3,2,3,3,3,2,2,3,3,4,3,2,4,4,3,4,2,3,3,3,4,3,3,3,3,2,2,2,2,3,4,3,3,2,3,3,3,4,3,3,3,4,1,3,3,3,3,2,2,4,3,3,4,2,4,5,5,3,3,4,2,5,5,2,2,2,2,1,2,1,2,1,2,1,1,2,1,1,1,2,2,1,2,4,"senior","white","female","20-21"
"198",2,1,2,2,2,1,2,2,1,1,1,1,2,2,1,2,2,1,2,2,2,2,2,2,1,1,1,1,1,1,2,2,2,1,1,2,1,1,1,2,2,1,1,1,1,2,1,1,1,2,2,1,2,1,1,1,1,2,1,1,2,2,2,2,1,2,2,1,2,2,2,2,1,2,2,1,1,1,1,2,1,1,3,1,4,3,2,4,4,4,1,3,3,2,2,4,3,2,1,3,2,3,2,4,3,2,2,2,2,2,3,1,1,3,2,2,2,1,3,2,2,2,4,1,2,4,1,3,1,1,2,2,1,4,4,3,3,2,1,1,2,2,4,5,2,3,3,4,4,4,4,2,3,3,4,4,2,2,1,3,4,3,4,3,3,3,2,2,4,4,5,2,2,4,4,3,1,1,2,3,2,3,3,2,2,4,3,3,3,1,2,1,1,2,4,4,2,"freshmen","white","female","18-19"
"199",2,2,2,2,2,2,2,2,2,2,2,2,2,2,1,2,1,1,2,2,2,2,2,2,1,1,2,2,2,2,2,2,2,2,2,2,2,2,2,2,2,1,1,2,2,2,2,2,2,1,2,2,2,2,1,2,2,2,2,2,2,2,2,2,2,2,1,1,2,2,1,2,2,2,2,2,2,2,2,2,1,2,3,2,3,2,4,4,4,2,1,4,3,2,2,4,3,2,3,2,3,4,4,4,4,2,3,1,2,4,3,2,2,3,1,4,2,3,3,2,2,4,4,1,2,4,3,4,3,2,3,3,3,3,3,2,2,2,3,2,2,2,3,4,2,2,3,3,4,4,3,3,3,3,3,3,2,2,3,2,2,4,3,3,3,3,3,3,5,3,2,3,4,2,4,4,4,1,2,1,1,2,1,1,1,1,1,1,1,1,1,1,1,1,2,2,2,"sophomore","white","female","18-19"
"200",2,1,1,2,1,1,1,1,1,1,1,1,1,2,1,1,1,1,2,1,1,1,1,1,1,1,2,1,1,1,1,1,1,1,1,2,1,1,1,1,2,1,1,1,1,1,1,1,1,1,1,1,1,1,1,1,1,1,1,1,2,1,1,1,1,1,1,1,1,1,1,1,2,1,2,1,1,1,1,1,1,1,2,3,3,3,3,3,3,3,2,3,2,2,3,3,3,3,3,3,3,2,3,2,3,3,2,2,3,3,3,3,3,3,2,3,3,4,2,2,3,3,3,3,2,2,3,2,2,3,2,2,1,2,4,3,4,2,3,3,2,3,2,3,3,1,1,1,2,2,4,3,3,3,2,1,5,5,5,5,2,5,5,4,3,2,1,1,5,1,2,3,3,1,5,5,4,2,2,4,3,3,3,2,3,4,3,3,3,1,3,1,2,2,1,2,3,"junior","white","female","20-21"
"201",1,1,2,2,2,1,2,2,1,2,1,1,1,1,1,2,1,1,2,1,2,1,1,2,1,1,2,1,1,1,1,2,1,1,1,1,1,1,1,1,2,1,1,2,1,2,1,1,1,2,1,1,2,2,1,1,1,1,1,1,2,1,2,1,1,2,2,1,2,2,2,1,2,1,1,1,1,1,1,1,1,1,3,2,3,3,3,3,2,3,2,2,3,2,2,3,4,2,3,3,2,3,3,3,4,2,3,1,3,2,3,3,3,2,2,3,3,2,2,2,2,2,2,3,2,3,3,3,2,2,2,2,2,4,3,2,3,3,1,2,3,2,2,4,2,2,1,2,1,3,3,3,3,4,4,5,4,4,4,5,2,4,4,4,4,5,2,2,4,3,3,3,3,2,3,3,2,3,3,1,1,3,2,1,1,1,1,1,1,1,3,1,2,1,3,4,5,"junior","white","male","22-25"
"202",2,1,1,2,2,1,2,2,1,1,1,1,2,1,1,1,1,1,2,2,2,1,2,2,1,1,1,1,1,1,1,1,1,1,2,1,1,1,1,2,2,1,1,2,1,2,2,2,2,2,1,1,2,2,2,1,2,2,1,1,1,2,1,1,2,2,1,1,1,2,2,1,1,2,2,2,2,1,1,1,1,2,3,2,3,3,2,2,4,3,3,2,2,2,2,2,3,2,4,3,2,3,3,3,3,3,3,2,3,3,3,3,2,3,2,3,3,3,3,2,3,3,3,2,2,3,3,3,3,2,2,4,3,3,3,2,2,2,2,2,3,2,4,4,4,3,3,2,4,3,2,3,3,3,2,2,2,2,2,3,1,3,4,4,4,4,1,1,4,1,2,2,2,1,5,4,2,2,4,3,4,2,2,3,2,3,3,3,4,4,3,4,3,2,3,2,3,"senior","white","female","20-21"
"203",2,1,1,2,2,2,1,1,1,2,2,1,1,2,1,2,1,1,2,1,2,2,2,2,1,2,1,1,1,1,2,2,1,2,1,2,1,1,1,2,1,1,1,1,1,2,2,1,2,1,2,1,1,1,1,1,1,1,1,1,2,1,1,2,2,1,2,1,2,2,2,1,2,1,1,1,1,1,1,1,1,1,1,1,2,2,2,2,2,3,2,1,1,1,3,2,3,1,2,1,3,3,2,1,2,2,3,1,3,2,2,1,1,2,2,1,2,3,1,1,1,1,2,1,1,1,3,1,2,1,1,1,1,1,3,3,3,2,1,1,1,1,4,5,5,3,3,5,4,4,3,5,5,5,4,4,3,2,3,4,3,5,4,4,4,2,1,2,3,3,5,1,2,3,3,1,2,1,4,3,2,3,3,2,2,3,2,2,2,2,3,1,2,2,3,3,5,"freshmen","white","female","18-19"
